candidate,outlet_lean,headlines,outlets,positive,negative,neutral,pct_positive,pct_negative,median_outlet_umbrella_rank
Gavin Newsom,Left,827,50,95,135,597,11.5,16.3,51773
Gavin Newsom,Center,787,41,27,165,595,3.4,21.0,190417
Gavin Newsom,Right,1387,22,41,932,414,3.0,67.2,98845
Alexandria Ocasio-Cortez,Left,256,43,56,16,184,21.9,6.2,51773
Alexandria Ocasio-Cortez,Center,122,29,10,9,103,8.2,7.4,64150
Alexandria Ocasio-Cortez,Right,496,22,26,245,225,5.2,49.4,98845
Pete Buttigieg,Left,87,26,10,3,74,11.5,3.4,51773
Pete Buttigieg,Center,60,25,7,0,53,11.7,0.0,131305
Pete Buttigieg,Right,54,15,9,14,31,16.7,25.9,101200
Kamala Harris,Left,209,40,8,45,156,3.8,21.5,55928
Kamala Harris,Center,188,34,10,26,152,5.3,13.8,84275
Kamala Harris,Right,549,20,27,319,203,4.9,58.1,101200
JB Pritzker,Left,52,12,6,2,44,11.5,3.8,30690
JB Pritzker,Center,221,13,8,7,206,3.6,3.2,22319
JB Pritzker,Right,111,13,3,60,48,2.7,54.1,101200
Jon Ossoff,Left,85,24,28,5,52,32.9,5.9,51773
Jon Ossoff,Center,177,25,33,10,134,18.6,5.6,64150
Jon Ossoff,Right,124,15,11,72,41,8.9,58.1,101200
Ro Khanna,Left,89,24,2,5,82,2.2,5.6,30690
Ro Khanna,Center,73,26,1,5,67,1.4,6.8,52869
Ro Khanna,Right,175,15,1,85,89,0.6,48.6,116896
