candidate,month,coverage,classified,positive,negative,neutral,pct_positive,pct_negative,excluded_not_about_or_refused
Alexandria Ocasio-Cortez,2026-01,all headlines,56,4,9,43,7.1,16.1,2
Alexandria Ocasio-Cortez,2026-02,all headlines,161,19,83,59,11.8,51.6,0
Alexandria Ocasio-Cortez,2026-03,all headlines,54,3,15,36,5.6,27.8,0
Alexandria Ocasio-Cortez,2026-04,all headlines,52,6,9,37,11.5,17.3,0
Alexandria Ocasio-Cortez,2026-05,all headlines,113,11,43,59,9.7,38.1,1
Alexandria Ocasio-Cortez,2026-06,all headlines,63,13,15,35,20.6,23.8,2
Alexandria Ocasio-Cortez,2026-07,all headlines,98,20,18,60,20.4,18.4,1
Alexandria Ocasio-Cortez,2026-08,all headlines,175,9,46,120,5.1,26.3,1
Alexandria Ocasio-Cortez,2026-09,all headlines,102,7,32,63,6.9,31.4,2
Gavin Newsom,2026-01,all headlines,490,37,176,277,7.6,35.9,0
Gavin Newsom,2026-02,all headlines,461,35,209,217,7.6,45.3,8
Gavin Newsom,2026-03,all headlines,435,36,179,220,8.3,41.1,5
Gavin Newsom,2026-04,all headlines,182,12,90,80,6.6,49.5,10
Gavin Newsom,2026-05,all headlines,347,13,136,198,3.7,39.2,3
Gavin Newsom,2026-06,all headlines,371,14,203,154,3.8,54.7,10
Gavin Newsom,2026-07,all headlines,198,6,102,90,3.0,51.5,5
Gavin Newsom,2026-08,all headlines,184,1,73,110,0.5,39.7,1
Gavin Newsom,2026-09,all headlines,333,9,64,260,2.7,19.2,0
JB Pritzker,2026-01,all headlines,29,0,6,23,0.0,20.7,0
JB Pritzker,2026-02,all headlines,47,2,5,40,4.3,10.6,28
JB Pritzker,2026-03,all headlines,85,9,25,51,10.6,29.4,3
JB Pritzker,2026-04,all headlines,30,2,4,24,6.7,13.3,0
JB Pritzker,2026-05,all headlines,30,1,4,25,3.3,13.3,1
JB Pritzker,2026-06,all headlines,46,1,5,40,2.2,10.9,1
JB Pritzker,2026-07,all headlines,47,1,8,38,2.1,17.0,0
JB Pritzker,2026-08,all headlines,30,1,3,26,3.3,10.0,2
JB Pritzker,2026-09,all headlines,40,0,9,31,0.0,22.5,0
Jon Ossoff,2026-01,all headlines,11,2,3,6,18.2,27.3,0
Jon Ossoff,2026-02,all headlines,16,2,4,10,12.5,25.0,0
Jon Ossoff,2026-03,all headlines,14,1,5,8,7.1,35.7,0
Jon Ossoff,2026-04,all headlines,24,1,8,15,4.2,33.3,0
Jon Ossoff,2026-05,all headlines,44,4,7,33,9.1,15.9,0
Jon Ossoff,2026-06,all headlines,62,17,6,39,27.4,9.7,0
Jon Ossoff,2026-07,all headlines,77,18,16,43,23.4,20.8,0
Jon Ossoff,2026-08,all headlines,91,17,26,48,18.7,28.6,0
Jon Ossoff,2026-09,all headlines,47,10,12,25,21.3,25.5,0
Kamala Harris,2026-01,all headlines,83,4,46,33,4.8,55.4,0
Kamala Harris,2026-02,all headlines,96,2,26,68,2.1,27.1,1
Kamala Harris,2026-03,all headlines,74,3,40,31,4.1,54.1,2
Kamala Harris,2026-04,all headlines,142,12,44,86,8.5,31.0,3
Kamala Harris,2026-05,all headlines,120,2,73,45,1.7,60.8,12
Kamala Harris,2026-06,all headlines,62,8,34,20,12.9,54.8,10
Kamala Harris,2026-07,all headlines,88,6,44,38,6.8,50.0,9
Kamala Harris,2026-08,all headlines,52,0,34,18,0.0,65.4,14
Kamala Harris,2026-09,all headlines,229,8,49,172,3.5,21.4,4
Pete Buttigieg,2026-01,all headlines,18,2,0,16,11.1,0.0,0
Pete Buttigieg,2026-02,all headlines,7,1,0,6,14.3,0.0,0
Pete Buttigieg,2026-03,all headlines,18,3,2,13,16.7,11.1,0
Pete Buttigieg,2026-04,all headlines,17,4,0,13,23.5,0.0,0
Pete Buttigieg,2026-05,all headlines,29,6,9,14,20.7,31.0,0
Pete Buttigieg,2026-06,all headlines,46,0,1,45,0.0,2.2,0
Pete Buttigieg,2026-07,all headlines,21,6,1,14,28.6,4.8,0
Pete Buttigieg,2026-08,all headlines,32,2,3,27,6.2,9.4,0
Pete Buttigieg,2026-09,all headlines,13,2,1,10,15.4,7.7,0
Ro Khanna,2026-01,all headlines,15,0,2,13,0.0,13.3,1
Ro Khanna,2026-02,all headlines,42,1,10,31,2.4,23.8,1
Ro Khanna,2026-03,all headlines,20,0,3,17,0.0,15.0,0
Ro Khanna,2026-04,all headlines,37,0,8,29,0.0,21.6,0
Ro Khanna,2026-05,all headlines,29,0,2,27,0.0,6.9,0
Ro Khanna,2026-06,all headlines,80,2,23,55,2.5,28.8,1
Ro Khanna,2026-07,all headlines,68,0,29,39,0.0,42.6,0
Ro Khanna,2026-08,all headlines,30,0,13,17,0.0,43.3,0
Ro Khanna,2026-09,all headlines,16,1,5,10,6.2,31.2,0
