outlet,headlines,lean,lean_group,lean_score,mc_2019_groups,lean_source,umbrella_rank,traffic_tier
nypost.com,762,right,Right,1.5,center_right|right,media_cloud_2019,21450,top 25K
foxnews.com,445,right,Right,2.0,right,media_cloud_2019,10580,top 25K
cbsnews.com,359,center,Center,0.0,center,media_cloud_2019,12934,top 25K
breitbart.com,323,right,Right,2.0,right,media_cloud_2019,101200,100K-300K
townhall.com,241,right,Right,2.0,right,media_cloud_2019,116896,100K-300K
redstate.com,194,right,Right,2.0,right,media_cloud_2019,281126,100K-300K
benzinga.com,182,center_left,Left,-1.0,center_left,media_cloud_2019,30690,25K-100K
sacbee.com,177,center,Center,0.0,center,media_cloud_2019,291819,100K-300K
inquisitr.com,162,center_left,Left,-1.0,center_left,media_cloud_2019,,not in top 1M
realclearpolitics.com,154,right,Right,2.0,right,media_cloud_2019,153883,100K-300K
latimes.com,141,center_left,Left,-1.0,left|center,media_cloud_2019,19059,top 25K
thedailybeast.com,132,center_left,Left,-1.0,center_left,media_cloud_2019,105666,100K-300K
huffpost.com,129,center_left,Left,-1.0,center_left,media_cloud_2019,51773,25K-100K
pjmedia.com,129,right,Right,2.0,right,media_cloud_2019,355360,300K-1M
mercurynews.com,128,center,Center,0.5,center|center_right,media_cloud_2019,195829,100K-300K
usatoday.com,118,center,Center,-0.33,left|center|center_right,media_cloud_2019,11009,top 25K
cnn.com,115,center_left,Left,-1.0,left|center_left|center,media_cloud_2019,7018,top 25K
dailycaller.com,112,right,Right,2.0,right,media_cloud_2019,228645,100K-300K
chicagotribune.com,108,center,Center,0.5,center|center_right,media_cloud_2019,110216,100K-300K
newsweek.com,92,center,Center,0,,judgment,64150,25K-100K
radaronline.com,90,center_right,Right,1.0,center_right,media_cloud_2019,294200,100K-300K
newsmax.com,79,right,Right,2.0,right,media_cloud_2019,98845,25K-100K
ocregister.com,78,center_right,Right,1.0,center_right,media_cloud_2019,229234,100K-300K
theblaze.com,71,right,Right,2.0,right,media_cloud_2019,230724,100K-300K
theguardian.com,68,left,Left,-1.5,left|center_left,media_cloud_2019,9293,top 25K
hotair.com,68,right,Right,2.0,right,media_cloud_2019,420540,300K-1M
rawstory.com,61,left,Left,-2.0,left,media_cloud_2019,149741,100K-300K
inquirer.com,60,center_left,Left,-1.0,center_left,media_cloud_2019,158591,100K-300K
seattletimes.com,59,center_left,Left,-1.0,center_left,media_cloud_2019,130442,100K-300K
ajc.com,58,center,Center,0.5,center_left|right,media_cloud_2019,179150,100K-300K
sandiegouniontribune.com,55,center,Center,0.0,center,media_cloud_2019,190417,100K-300K
sfgate.com,50,center,Center,0.0,center,media_cloud_2019,16344,top 25K
nbcnews.com,47,center_left,Left,-1.0,center_left,media_cloud_2019,10136,top 25K
newsday.com,47,center,Center,0.0,center,media_cloud_2019,213890,100K-300K
tmz.com,47,center_right,Right,1.0,center_right,media_cloud_2019,45803,25K-100K
usnews.com,45,center,Center,0.5,center|center_right,media_cloud_2019,52869,25K-100K
ms.now,43,left,Left,-2.0,left,media_cloud_2019,91975,25K-100K
oann.com,40,right,Right,2.0,right,media_cloud_2019,285602,100K-300K
dailysignal.com,40,right,Right,2.0,right,media_cloud_2019,336681,300K-1M
bostonglobe.com,40,center_left,Left,-1.0,center_left,media_cloud_2019,99841,25K-100K
ibtimes.com,39,center,Center,0.0,center,media_cloud_2019,444566,300K-1M
dailykos.com,37,left,Left,-2.0,left,media_cloud_2019,170316,100K-300K
baltimoresun.com,34,center_left,Left,-1.0,center_left,media_cloud_2019,240260,100K-300K
bloomberg.com,33,center,Center,0.0,center,media_cloud_2019,26151,25K-100K
chron.com,33,center,Center,0.0,center,media_cloud_2019,216209,100K-300K
pbs.org,32,center_left,Left,-1.0,center_left,media_cloud_2019,23747,top 25K
courant.com,31,center,Center,0.0,center,media_cloud_2019,249325,100K-300K
buzzfeed.com,31,center_left,Left,-1.0,center_left,media_cloud_2019,33942,25K-100K
spectator.org,30,right,Right,2.0,right,media_cloud_2019,745392,300K-1M
fortune.com,26,center,Center,0,,judgment,92906,25K-100K
sun-sentinel.com,21,center,Center,0.0,center_left|center_right,media_cloud_2019,211840,100K-300K
pilotonline.com,19,center,Center,0.0,center,media_cloud_2019,377045,300K-1M
twincities.com,19,center,Center,0.0,center,media_cloud_2019,262160,100K-300K
orlandosentinel.com,18,center_left,Left,-1.0,center_left,media_cloud_2019,239132,100K-300K
forbes.com,17,center,Center,0.0,center,media_cloud_2019,34783,25K-100K
cnbc.com,17,center,Center,0.0,center,media_cloud_2019,10717,top 25K
foxbusiness.com,17,right,Right,2,,judgment,21758,top 25K
npr.org,17,left,Left,-1.5,left|center_left,media_cloud_2019,6491,top 25K
patriotpost.us,16,right,Right,2.0,right,media_cloud_2019,755694,300K-1M
salon.com,16,left,Left,-2.0,left,media_cloud_2019,155988,100K-300K
dallasnews.com,16,center,Center,-0.5,center_left|center,media_cloud_2019,140806,100K-300K
businessinsider.com,15,center,Center,0.0,center,media_cloud_2019,16960,top 25K
eurweb.com,15,center,Center,0.0,center,media_cloud_2019,,not in top 1M
politicalwire.com,14,center_left,Left,-1.0,center_left,media_cloud_2019,433984,300K-1M
postandcourier.com,13,center_left,Left,-1.0,center_left,media_cloud_2019,288395,100K-300K
mysanantonio.com,13,center,Center,0.0,center,media_cloud_2019,306923,300K-1M
nationalenquirer.com,12,center_right,Right,1.0,center_right,media_cloud_2019,,not in top 1M
nytimes.com,11,center_left,Left,-1.0,left|center_left|center,media_cloud_2019,3829,top 25K
variety.com,11,center_left,Left,-1.0,center_left,media_cloud_2019,55928,25K-100K
usmagazine.com,11,center,Center,0.0,center,media_cloud_2019,84275,25K-100K
alternet.org,11,left,Left,-2.0,left,media_cloud_2019,291995,100K-300K
hollywoodreporter.com,11,center,Center,0.0,center,media_cloud_2019,14198,top 25K
freep.com,11,center_left,Left,-1.0,center_left,media_cloud_2019,157530,100K-300K
arkansasonline.com,10,center_right,Right,1.0,center_right,media_cloud_2019,310242,300K-1M
reuters.com,9,center,Center,0.5,center|center_right,media_cloud_2019,11690,top 25K
indystar.com,9,center,Center,0.0,center,media_cloud_2019,250264,100K-300K
ledger-enquirer.com,9,center,Center,0.0,center,media_cloud_2019,,not in top 1M
miamiherald.com,9,center_left,Left,-1.0,left|center,media_cloud_2019,198272,100K-300K
thenation.com,9,left,Left,-2.0,left,media_cloud_2019,355289,300K-1M
slate.com,8,left,Left,-2.0,left,media_cloud_2019,21316,top 25K
vanityfair.com,8,left,Left,-2.0,left,media_cloud_2019,17490,top 25K
time.com,8,center_left,Left,-1.0,center_left,media_cloud_2019,13981,top 25K
kansascity.com,8,center_left,Left,-1.0,center_left,media_cloud_2019,267166,100K-300K
post-gazette.com,7,center,Center,0.0,center,media_cloud_2019,261351,100K-300K
mlive.com,7,center,Center,0.0,center,media_cloud_2019,131305,100K-300K
rollingstone.com,7,left,Left,-2.0,left,media_cloud_2019,14574,top 25K
augustachronicle.com,7,center,Center,0.0,center,media_cloud_2019,611024,300K-1M
theatlantic.com,6,center_left,Left,-1.0,center_left,media_cloud_2019,58627,25K-100K
jsonline.com,6,center,Center,0.0,center,media_cloud_2019,199182,100K-300K
newsone.com,6,left,Left,-2.0,left,media_cloud_2019,717279,300K-1M
upi.com,6,center,Center,0.0,center,media_cloud_2019,240849,100K-300K
ew.com,5,center_left,Left,-1.0,center_left,media_cloud_2019,80539,25K-100K
theintercept.com,5,center_left,Left,-1.0,center_left,media_cloud_2019,391186,300K-1M
abcnews.go.com,4,center,Center,0.0,center,media_cloud_2019,167930,100K-300K
gizmodo.com,4,center_left,Left,-1.0,center_left,media_cloud_2019,24441,top 25K
rollcall.com,4,center,Center,0.0,center,media_cloud_2019,499660,300K-1M
theroot.com,4,left,Left,-2.0,left,media_cloud_2019,624588,300K-1M
people.com,4,center,Center,0.0,center,media_cloud_2019,22142,top 25K
theweek.com,4,center_left,Left,-1.0,center_left,media_cloud_2019,131237,100K-300K
jezebel.com,4,left,Left,-2.0,left,media_cloud_2019,508301,300K-1M
azcentral.com,4,center,Center,0.0,center,media_cloud_2019,173764,100K-300K
stltoday.com,4,center_left,Left,-1.0,center_left,media_cloud_2019,303995,300K-1M
billboard.com,3,center,Center,0.0,center,media_cloud_2019,16790,top 25K
tampabay.com,3,left,Left,-1.5,left|center_left,media_cloud_2019,324651,300K-1M
techradar.com,3,center_right,Right,1.0,center_right,media_cloud_2019,50605,25K-100K
nationalmemo.com,3,left,Left,-2.0,left,media_cloud_2019,,not in top 1M
motherjones.com,3,left,Left,-2.0,left,media_cloud_2019,226270,100K-300K
ign.com,3,center,Center,0.0,center,media_cloud_2019,42440,25K-100K
buffalonews.com,3,center_left,Left,-1.0,center_left,media_cloud_2019,422187,300K-1M
omaha.com,3,center,Center,0.0,center,media_cloud_2019,450430,300K-1M
cincinnati.com,3,center,Center,0.0,center,media_cloud_2019,226657,100K-300K
nbcsports.com,3,center,Center,0.0,center_left|center|center_right,media_cloud_2019,22319,top 25K
talkingpointsmemo.com,3,left,Left,-2.0,left,media_cloud_2019,421066,300K-1M
dailydot.com,2,center_left,Left,-1.0,left|center,media_cloud_2019,338855,300K-1M
cleveland.com,2,center,Center,0.0,center,media_cloud_2019,115875,100K-300K
opednews.com,2,center_left,Left,-1.0,center_left,media_cloud_2019,,not in top 1M
mashable.com,2,center_left,Left,-1.0,center_left,media_cloud_2019,38781,25K-100K
techcrunch.com,2,center,Center,0.0,center,media_cloud_2019,23420,top 25K
therealnews.com,2,left,Left,-2.0,left,media_cloud_2019,,not in top 1M
engadget.com,2,center,Center,0.0,center,media_cloud_2019,113994,100K-300K
providencejournal.com,2,center_left,Left,-1.0,center_left,media_cloud_2019,349224,300K-1M
vox.com,2,center_left,Left,-1.0,center_left,media_cloud_2019,17754,top 25K
newyorker.com,1,left,Left,-2.0,left,media_cloud_2019,16421,top 25K
cnet.com,1,center,Center,0.0,center,media_cloud_2019,28427,25K-100K
schwartzreport.net,1,left,Left,-2,,judgment,,not in top 1M
pitchfork.com,1,center_left,Left,-1.0,center_left,media_cloud_2019,83551,25K-100K
marketwatch.com,1,center,Center,0.0,center,media_cloud_2019,34746,25K-100K
vice.com,1,left,Left,-1.5,left|center_left,media_cloud_2019,126806,100K-300K
theverge.com,1,center,Center,0.0,center,media_cloud_2019,19702,top 25K
indiewire.com,1,left,Left,-2.0,left,media_cloud_2019,15738,top 25K
sportingnews.com,1,center_right,Right,1.0,center_right,media_cloud_2019,15274,top 25K
csmonitor.com,1,center_left,Left,-1.0,center_left,media_cloud_2019,334855,300K-1M
elnuevodia.com,1,center_left,Left,-1.0,center_left,media_cloud_2019,346843,300K-1M
theconversation.com,1,center_left,Left,-1.0,center_left,media_cloud_2019,16925,top 25K
gq.com,1,left,Left,-2.0,left,media_cloud_2019,27646,25K-100K
recorder.com,1,left,Left,-2.0,left,media_cloud_2019,,not in top 1M
gazettenet.com,1,left,Left,-2.0,left,media_cloud_2019,,not in top 1M
oregonlive.com,1,center_left,Left,-1.0,center_left,media_cloud_2019,176090,100K-300K
scientificamerican.com,1,center_left,Left,-1.0,center_left,media_cloud_2019,57931,25K-100K
eonline.com,1,center_left,Left,-1.0,center_left,media_cloud_2019,70168,25K-100K
centralmaine.com,1,left,Left,-2.0,left,media_cloud_2019,574351,300K-1M
factcheck.org,1,center_left,Left,-1.0,center_left,media_cloud_2019,901286,300K-1M
barrons.com,1,center,Center,0.0,center,media_cloud_2019,38601,25K-100K
