CAND,NAME,ST,OFF,DIST,ICI,n,median_gift,ca1,ca2,ca3,ca4,ca5,ca6,core_donors_shared,sp1,sp2,sp3,sp4,cluster,bio,nominate_dim1,nokken_poole_dim1,party_code,chamber,congress,donor,p_nom,p_don,resid
H0AL07086,"SEWELL, TERRI A.",AL,H,7.0,I,289,250.0,-0.5569899548011199,0.4708353589353467,0.0234005679450954,0.0321043519705978,-0.4001951606902656,-0.0870180384509515,109.0,-0.0008115244385274,0.0206710781308807,-0.0037866846405076,0.0070059822547364,1,S001185,-0.402,-0.41,100.0,House,119.0,0.5569899548011199,0.4431279620853081,0.6445497630331753,0.1577666376730893
H0CA03078,"BERA, AMERISH",CA,H,3.0,I,441,250.0,-0.3744032347638433,0.2896610387386085,0.0385187236969322,-0.0133408878378478,-0.4840221563613838,-0.0964325855380851,138.0,-0.0007259944391613,0.0126396664206871,0.0006077221909092,-0.0022974897258748,1,B001287,-0.247,-0.288,100.0,House,119.0,0.3744032347638433,0.8388625592417062,0.4976303317535545,-0.09327090008741162
H0CA10073,"DESAULNIER, MARK",CA,H,10.0,I,222,150.0,-0.2555044777214365,0.1483156085982102,0.0347923825491988,0.1423303485269907,0.010835315547046,-0.0530917599628132,47.0,-0.0011034546703568,0.0036596053434208,-0.0006864893286036,-0.0030659398687072,3,D000623,-0.507,-0.435,100.0,House,119.0,0.2555044777214365,0.12085308056872038,0.4028436018957346,0.0008512698374429917
H0CA32101,"CHU, JUDY",CA,H,28.0,I,360,500.0,-0.3492716390029151,0.1852179230788294,1.4153894082887226,0.0985607272448965,-0.5839257580735466,0.0321977913745476,50.0,-0.0011839040735784,0.0157575087956413,-0.0083633475227192,0.0128134623256369,1,C001080,-0.479,-0.402,100.0,House,119.0,0.3492716390029151,0.17298578199052134,0.4834123222748815,0.06770383247659378
H0CT03072,"DELAURO, ROSA L",CT,H,3.0,I,390,50.0,-0.3746099862540496,0.3479227773395087,0.0019932673015275,0.0498899064610632,-0.4153190721428234,-0.0677765713328217,132.0,-0.0011914083058961,0.014067474592574,-0.0010723620553777,-0.000416637749443,1,D000216,-0.414,-0.333,100.0,House,119.0,0.3746099862540496,0.41232227488151657,0.5023696682464455,0.02369154518726624
H0GA05301,"WILLIAMS, NIKEMA N.",GA,H,5.0,I,165,100.0,-0.5241356813606285,0.4363218798394597,0.0266547558042454,0.1607950952747154,0.1413229804298358,-0.0478796209628217,69.0,-0.0010688259978654,0.0175138161043691,-0.0046180884331139,0.0095721449068599,1,W000788,-0.442,-0.517,100.0,House,119.0,0.5241356813606285,0.2890995260663507,0.6161137440758294,0.1698556302202775
H0IL05096,"QUIGLEY, MIKE",IL,H,5.0,I,168,500.0,-0.8224592666479639,0.7390739142088144,0.1520634433459243,0.4209846003546908,0.0275338357003407,0.2037331019176146,76.0,-0.0012578318710973,0.0203770133515244,-0.0092223783277037,0.0193319812624055,5,Q000023,-0.324,-0.319,100.0,House,119.0,0.8224592666479639,0.6682464454976303,0.7630331753554502,0.21702118702719886
H0IN01150,"MRVAN, FRANK J.",IN,H,1.0,I,860,50.0,-0.4835966979112732,0.3927979963566169,-0.0009012448831463,0.0079217621713242,-0.314673118698177,0.0297824058037464,397.0,-0.0011595052576322,0.0065376895897444,-0.0007395033369624,0.0010442067986794,2,M001214,-0.299,-0.28,100.0,House,119.0,0.4835966979112732,0.7203791469194313,0.5829383886255924,0.02321024255734494
H0MA04192,"AUCHINCLOSS, JAKE",MA,H,4.0,I,1038,1000.0,-1.3189725246760198,1.2162417033718054,0.171600603441705,0.4363249397040062,0.0133192661899582,-0.0872434166936565,634.0,-0.0014267774872649,0.0332569273932049,-0.0072637204123268,0.0178283803335545,1,A000148,-0.272,-0.237,100.0,House,119.0,1.3189725246760198,0.8009478672985783,0.9289099526066351,0.347984108212939
H0MA10082,"KEATING, WILLIAM R",MA,H,9.0,I,219,200.0,-0.3775078420657308,0.3466120284415577,0.0327069709907306,0.0070171091770745,-0.8637861785060776,-0.3036999238830877,58.0,-0.0010800865042531,0.0122495995115111,0.0011748334304731,-0.0054827193139801,6,K000375,-0.329,-0.301,100.0,House,119.0,0.3775078420657308,0.6587677725118484,0.5071090047393365,-0.036409136727097335
H0MI03316,"SCHOLTEN, HILLARY",MI,H,3.0,I,1186,50.0,-0.5219960114482443,0.4205683117569429,0.0402646441263587,0.3058921002523332,-0.0651121176574001,-0.0089173310907047,618.0,-0.0011444949412128,0.0093178657766758,0.0002655886320401,-0.0009722831720468,8,S001221,-0.261,-0.266,100.0,House,119.0,0.5219960114482443,0.8246445497630331,0.6066350710900474,0.019474609541807686
H0MN04049,"MCCOLLUM, BETTY",MN,H,4.0,I,337,250.0,-0.80522878241052,0.6552713135162859,0.7709758439292028,0.1696152442051869,-0.2625036266718617,-0.1269590959243692,71.0,-0.0012652478469896,0.0173611128078195,-0.0071006523949851,0.0122860218225367,1,M001143,-0.419,-0.449,100.0,House,119.0,0.80522878241052,0.3862559241706161,0.7488151658767772,0.27699512168759605
H0NC02125,"ROSS, DEBORAH",NC,H,2.0,I,825,100.0,-0.3068383179528029,0.2141260433124399,-0.1941522972671371,-0.2778364815074171,-0.2511325098153845,0.3789587559905111,429.0,-0.0012415482482093,0.0060804082889744,0.0051541066787268,-0.0128128126887963,7,R000305,-0.389,-0.351,100.0,House,119.0,0.3068383179528029,0.4834123222748815,0.45023696682464454,-0.047145007698165875
H0NM03102,"LEGER FERNANDEZ, TERESA",NM,H,3.0,I,601,33.0,-0.0252115433734645,-0.092510736932755,-0.1183989849183475,-0.3398694380553607,-0.509303640745741,-0.1029783672360707,383.0,-0.0009462030156005,-0.001023776439116,0.0052777157740922,-0.0152396808225597,0,L000273,-0.366,-0.396,100.0,House,119.0,0.0252115433734645,0.5521327014218009,0.2132701421800948,-0.30219222209089236
H0NY15160,"TORRES, RITCHIE JOHN",NY,H,15.0,I,1382,500.0,-1.6976472373248828,1.564750271121417,0.1681608062187456,0.6082711153376812,0.7458907726922641,0.0457919634733845,822.0,-0.0015378845353753,0.0402637518451249,-0.0099953016193013,0.0264180118586138,1,T000486,-0.311,-0.293,100.0,House,119.0,1.6976472373248828,0.6943127962085308,0.976303317535545,0.4234332503372956
H0WA02080,"LARSEN, RICK",WA,H,2.0,I,802,250.0,-0.5227900276898668,0.3673489541144961,0.436275537943105,-0.3368319213403701,-0.3766363056832451,-0.0426145817244188,321.0,-0.0012144171945684,0.0174465867542699,-0.0004279855523152,9.477930237982448e-05,1,L000560,-0.365,-0.396,100.0,House,119.0,0.5227900276898668,0.5592417061611374,0.6113744075829384,0.09404165816558807
H0WA08046,"DELBENE, SUZAN K",WA,H,1.0,I,1315,25.0,-0.3132515542987963,0.1971499491368623,0.005581147273307,-0.2391950366733557,0.0309772525528399,-0.0925705137818046,769.0,-0.0010876979224044,0.0141584376067445,0.0024109543156304,4.7507152263935216e-05,1,D000617,-0.296,-0.404,100.0,House,119.0,0.3132515542987963,0.7322274881516587,0.4597156398104265,-0.10312981483509276
H0WA10034,"STRICKLAND, MARILYN",WA,H,10.0,I,691,250.0,-0.8796645901809542,0.7392301103139013,0.3461426499059464,-0.0181656388591316,-0.1426472274501236,-0.1325183690138123,353.0,-0.0012777499941487,0.0242498921314531,-0.0037431888100448,0.0082734295809289,1,S001159,-0.443,-0.407,100.0,House,119.0,0.8796645901809542,0.2796208530805687,0.7867298578199052,0.3429655908261708
H2CA00120,"BROWNLEY, JULIA",CA,H,26.0,I,154,50.0,0.0155617130963223,-0.0840670336092301,-0.053249091568643,-0.1348589383631013,-0.1963897258646075,-0.0307877127039379,54.0,-0.0010862343847667,0.0044479125130872,0.0028734744535489,-0.008187371228746,1,B001285,-0.306,-0.431,100.0,House,119.0,-0.0155617130963223,0.7061611374407583,0.1895734597156398,-0.3664139160598815
H2CA06259,"HUFFMAN, JARED",CA,H,2.0,I,328,100.0,0.0287732000202503,0.0496083911517799,-0.0853208150387779,-0.1716803527026764,-0.4381712089216724,-0.0842152572520736,97.0,-0.0010283228146129,0.0001594994234621,0.0050475294788806,-0.0157205140364676,2,H001068,-0.432,-0.502,100.0,House,119.0,-0.0287732000202503,0.3341232227488152,0.17535545023696683,-0.2827484362122181
H2CA13115,"GRAY, ADAM C.",CA,H,13.0,I,1381,100.0,-0.3161332649881578,0.211972106872425,-0.078126036458106,-0.1028817972861032,-0.6581287578548288,-0.1226573869536507,1112.0,-0.0008731720408616,0.0049387666925714,0.0075351575363979,-0.0165217525415386,2,G000605,-0.235,-0.236,100.0,House,119.0,0.3161332649881578,0.8815165876777251,0.46445497630331756,-0.13766856641582714
H2CA14162,"MULLIN, KEVIN",CA,H,15.0,I,321,250.0,-0.3848054828970885,0.2662185292570297,0.0117982832021541,5.354516386819848e-05,-0.5161816934180091,-0.1566163410209381,74.0,-0.001195051284918,0.015248365427525,-0.0012306773522003,-0.0003171860461875,1,M001225,-0.479,-0.508,100.0,House,119.0,0.3848054828970885,0.17298578199052134,0.5260663507109005,0.11035786091261274
H2CA31125,"AGUILAR, PETE",CA,H,33.0,I,1057,50.0,-1.2492933604895096,1.1168787032882483,0.1089880977658383,0.3598726228074574,0.3009875455610269,0.0156663542566817,733.0,-0.0014097042096142,0.0323683587352867,-0.0074050524416986,0.0184056784288295,1,A000371,-0.328,-0.456,100.0,House,119.0,1.2492933604895096,0.6635071090047393,0.9146919431279621,0.36992687823061954
H2CA36439,"RUIZ, RAUL DR.",CA,H,25.0,I,607,50.0,-0.5182480902297364,0.3904201680769738,0.1551743973282962,0.0948454628906077,-0.4293737689977641,-0.0422809598247947,228.0,-0.0011488920122198,0.0115655390394788,-0.0013654886294162,0.0005651235853383,1,R000599,-0.262,-0.379,100.0,House,119.0,0.5182480902297364,0.8199052132701422,0.6018957345971564,0.01598219647982535
H2CA37304,"KAMLAGER-DOVE, SYDNEY",CA,H,37.0,I,430,250.0,-0.1493421571879669,0.1100113812643448,0.074485655268063,0.0858106521663185,-0.1551905200368518,-0.0558692851730837,192.0,0.00069486937879,0.003429560382004,-0.0021704681949035,0.0018148785625921,1,K000400,-0.519,-0.501,100.0,House,119.0,0.1493421571879669,0.10900473933649289,0.2843601895734597,-0.11451483390756001
H2CA39078,"SANCHEZ, LINDA",CA,H,41.0,I,251,500.0,-0.7364175263018881,0.6460165749003354,0.0056166269623147,0.0796780336903186,-0.2915824054772105,0.1034086869788318,126.0,-0.0012531185273515,0.0236921663984632,-0.0019784062789822,0.0059025714119533,1,S001156,-0.507,-0.448,100.0,House,119.0,0.7364175263018881,0.12085308056872038,0.7203791469194313,0.3183868148611397
H2CA43245,"TAKANO, MARK",CA,H,39.0,I,260,25.0,-0.0570746012647631,-0.0677708313460495,1.7455338447095177,-0.5417292774412159,-0.0558247482939873,0.0431212269089112,97.0,-0.001036326476882,-0.0007174628523071,-0.0028116684842836,0.001540261173319,0,T000472,-0.457,-0.404,100.0,House,119.0,0.0570746012647631,0.23459715639810427,0.24170616113744076,-0.19021233326266063
H2CA47188,"GARCIA, ROBERT",CA,H,42.0,I,1231,25.0,0.0997760929142599,-0.1359732616371326,0.086440010925525,-0.225193213310514,0.0446390881558807,-0.078263800245345,786.0,-0.0006649187008952,-0.0046343498752132,0.0029740603019392,-0.0075133056970949,0,G000598,-0.373,-0.383,100.0,House,119.0,-0.0997760929142599,0.5284360189573459,0.15165876777251186,-0.3575689793439316
H2CA52089,"PETERS, SCOTT",CA,H,50.0,I,205,100.0,-0.6142420546071483,0.5208665873829003,0.1503632966311898,0.0640981027906973,-0.4842664214581273,-0.0525752417714359,106.0,-0.0012781605899224,0.0181851392795746,-0.0011841467565642,0.0016838352682417,1,P000608,-0.194,-0.226,100.0,House,119.0,0.6142420546071483,0.976303317535545,0.6729857819905213,0.045923770653201745
H2CT02112,"COURTNEY, JOSEPH",CT,H,2.0,I,373,100.0,-0.283330035123474,0.1853274223833795,-0.0479066676493495,-0.138641849115536,-0.8628780541720275,-0.2950622588287157,68.0,-0.0012723474224634,0.0139173884405972,0.0011818638071286,-0.004112922498845,1,C001069,-0.336,-0.287,100.0,House,119.0,0.283330035123474,0.6398104265402843,0.4218009478672986,-0.1167294998755003
H2FL10259,"FROST, MAXWELL ALEJANDRO",FL,H,10.0,I,2405,25.0,0.3581736149138046,-0.4033491689653988,-0.1007780987769437,-0.1825361908988019,0.3947756203581917,-0.0658719373081637,1543.0,-0.0005880915094706,-0.0173789545773733,0.0032771622188588,-0.0099505454185955,0,F000476,-0.442,-0.48,100.0,House,119.0,-0.3581736149138046,0.2890995260663507,0.05687203791469194,-0.38938607594086
H2FL14053,"FRANKEL, LOIS J.",FL,H,23.0,I,974,20.0,-0.8850073305141744,0.775923180814469,0.0041530580953025,0.1855635763396705,0.7095499918588488,0.0242288379343152,609.0,-0.0008433905347361,0.0209828456569697,-0.0050443361848382,0.012417321033808,1,F000462,-0.394,-0.424,100.0,House,119.0,0.8850073305141744,0.46919431279620855,0.7962085308056872,0.30256732657560304
H2FL22171,"MOSKOWITZ, JARED",FL,H,25.0,I,1460,25.0,-0.9578548234221926,0.863834180110213,0.012077497072965,0.1956664124709114,0.4538080894318694,0.1109541761752247,1130.0,-0.0011647045075689,0.0237934413589247,-0.0033100804571546,0.0094282608353267,1,M001217,-0.227,-0.214,100.0,House,119.0,0.9578548234221926,0.9028436018957346,0.8199052132701422,0.2121705151119081
H2GA02031,"BISHOP, SANFORD",GA,H,2.0,I,216,500.0,-0.0169383294207274,0.4321063293642788,-0.0070123264405738,-0.073148720925618,-0.2103264506399174,-0.1422112402943289,42.0,0.0011579786846371,0.0167343989346482,-0.0066112543710782,0.012033373871949,1,B000490,-0.289,-0.45,100.0,House,119.0,0.0169383294207274,0.7582938388625592,0.20853080568720378,-0.3611727278283136
H2HI02128,"CASE, EDWARD",HI,H,1.0,I,332,1000.0,-0.8516089935298367,0.6475708835634829,5.889709844463835,-2.1511774726607977,-0.2730039723084922,-0.0595297098954644,100.0,-0.0014582976170306,0.0233565184204969,-0.0069884833563185,0.0129574102767989,1,C001055,-0.208,-0.256,100.0,House,119.0,0.8516089935298367,0.9478672985781991,0.7677725118483413,0.1481920410964741
H2HI02581,"TOKUDA, JILL NAOMI",HI,H,2.0,I,517,100.0,-0.3441139812348426,-0.0245375391506636,21.21397967966915,-8.300993033514748,0.3689784047269175,0.222679193686588,207.0,-0.001405038429788,0.0111336357399724,-0.0101350207927012,0.016320617095703,1,T000487,-0.455,-0.472,100.0,House,119.0,0.3441139812348426,0.24407582938388625,0.4786729857819905,0.04426064452007167
H2IL01349,"JACKSON, JONATHAN",IL,H,1.0,I,152,500.0,-0.7481031060454659,0.6902780844594147,0.331504877687157,0.9435500191900844,0.0392602788946861,0.1016764282331495,53.0,-0.0011294103877337,0.0181336236897592,-0.0176398879871675,0.0344322867083543,1,J000309,-0.349,-0.314,100.0,House,119.0,0.7481031060454659,0.5971563981042654,0.7251184834123223,0.19781034654770213
H2IL03162,"RAMIREZ, DELIA",IL,H,3.0,I,750,100.0,0.6343719497849228,-0.927482065047892,1.383815290893136,3.655223410717327,-0.0283691171752951,0.1762628351983781,424.0,-0.0002960517651079,-0.0509035873332258,-0.0402868530731051,0.0617488118762171,3,R000617,-0.496,-0.496,100.0,House,119.0,-0.6343719497849228,0.13744075829383887,0.023696682464454975,-0.3826598816020172
H2IL10068,"SCHNEIDER, BRADLEY S.",IL,H,10.0,I,1186,125.0,-1.4360826405500324,1.298969732784281,0.1256176449028372,0.5364178441529905,0.5873789361641393,0.2245457509054678,780.0,-0.0014626091280806,0.0347616017248216,-0.0096355373779598,0.0245418161256411,1,S001190,-0.199,-0.315,100.0,House,119.0,1.4360826405500324,0.9691943127962085,0.9478672985781991,0.3226756723872426
H2IL13153,"BUDZINSKI, NIKKI",IL,H,13.0,I,1036,250.0,-0.7622676413322259,0.6834301076619981,0.1010739463759176,0.3634827093019329,-0.153115585093159,0.3091233080856051,584.0,-0.0003887728644144,0.014429702691613,-0.0042455860263471,0.0084426581028354,5,B001315,-0.317,-0.293,100.0,House,119.0,0.7622676413322259,0.6872037914691943,0.7298578199052133,0.17885813785332694
H2IL17147,"SORENSEN, ERIC",IL,H,17.0,I,792,100.0,-0.4253604038828183,0.3472568268148785,0.0002628925964076,0.1259407376526318,-0.1764290198354072,0.1594766735381742,540.0,-0.000962500714919,0.0065666798299017,0.0005634347969119,0.0003039610286604,5,S001225,-0.24,-0.223,100.0,House,119.0,0.4253604038828183,0.8601895734597157,0.5687203791469194,-0.02779200813313598
H2KY03206,"MCGARVEY, MORGAN",KY,H,3.0,I,717,100.0,-0.0079528032559485,0.0687770896728408,-0.2202665085346442,-0.3717468372802955,-2.5810747993550525,-1.2444102158553136,232.0,-0.0004796303061432,0.0002264480191218,0.0081722271294747,-0.0158257182674983,0,M001220,-0.486,-0.378,100.0,House,119.0,0.0079528032559485,0.16113744075829384,0.1990521327014218,-0.2135390485195941
H2LA02149,"CARTER, TROY A. SR.",LA,H,2.0,I,265,1000.0,-0.62233331458504,0.5357698463472972,0.0807038075081892,0.1672515466539283,-0.5988321720867315,-0.1462356954859175,99.0,-0.0010631275872045,0.0199717668636143,-0.0058198169536578,0.0105396075998144,1,C001125,-0.521,-0.52,100.0,House,119.0,0.62233331458504,0.09004739336492891,0.6777251184834123,0.28383778872602755
H2MA09072,"LYNCH, STEPHEN",MA,H,8.0,I,470,500.0,-0.6629449321249489,0.6001798092074495,0.112178208208241,0.1841001645171091,-1.333828071361945,-0.4280451402303227,63.0,-0.0010229113110548,0.0152000728237047,-0.0009010630111541,-0.002376623621266,6,L000562,-0.342,-0.209,100.0,House,119.0,0.6629449321249489,0.6161137440758294,0.6966824644549763,0.16438663386672114
H2MD04232,"IVEY, GLENN FREDERICK",MD,H,4.0,C,248,500.0,-0.628886081399619,0.6855112469529979,0.0799501239046413,0.2018582349464149,-0.4036630449928882,-0.1582530829712633,96.0,-0.0012286927942267,0.0215216723540983,-0.0078689381589625,0.016002463608788,1,I000058,-0.466,-0.423,100.0,House,119.0,0.628886081399619,0.2037914691943128,0.6824644549763034,0.2586509628771088
H2MI13204,"THANEDAR, SHRI",MI,H,13.0,I,373,1000.0,-1.7801704157030136,1.627562761145224,0.2174121448164466,0.7873712955449206,1.0190089391956851,0.1615850831857337,254.0,-0.0016345930701323,0.0466262316860275,-0.0166255373794976,0.040746161171243,1,T000488,-0.35,-0.342,100.0,House,119.0,1.7801704157030136,0.5876777251184834,0.985781990521327,0.4609677005185243
H2NC02287,"DAVIS, DON",NC,H,1.0,I,1390,500.0,-0.8652767317435951,0.7433746698509492,-0.0166652212439219,0.1167576730896627,-0.1166755055538407,-0.00914132620267,1208.0,-0.0012284340539031,0.019339940126792,0.0015114856600302,-0.0021007117314314,2,D000230,-0.241,-0.209,100.0,House,119.0,0.8652767317435951,0.8507109004739336,0.7772511848341233,0.18323264441588538
H2NC06114,"FOUSHEE, VALERIE",NC,H,4.0,I,447,53.5,-0.2543322383520898,0.172691341119503,-0.1254487880782189,-0.1994899569261197,0.0080454435979808,0.0170019049198163,120.0,-0.0011754671824705,0.0075275892589254,0.0034086957474058,-0.0074047273979971,7,F000477,-0.5,-0.441,100.0,House,119.0,0.2543322383520898,0.12796208530805686,0.3981042654028436,-0.005758451801811115
H2NM01144,"STANSBURY, MELANIE",NM,H,1.0,I,972,25.0,0.1146178048680872,-0.1908766747337293,-0.1408545221132482,-0.279986075637985,-0.2333634208723027,-0.0946753587473692,577.0,-0.0008925937049439,-0.005002465556913,0.0043656754851592,-0.0129197921493041,0,S001218,-0.432,-0.391,100.0,House,119.0,-0.1146178048680872,0.3341232227488152,0.13270142180094788,-0.3254024646482371
H2NM02191,"VASQUEZ, GABRIEL",NM,H,2.0,I,1698,50.0,-0.2260926176030872,0.1224376130810464,-0.1004905662790904,-0.1824928736768056,-0.6035843895321142,-0.1248873213204816,1240.0,-0.0006816391817051,0.0042671863773598,0.006548180099839,-0.0155077488219054,2,V000136,-0.32,-0.342,100.0,House,119.0,0.2260926176030872,0.6824644549763034,0.36492890995260663,-0.18482384866837098
H2NV04011,"HORSFORD, STEVEN ALEXZANDER",NV,H,4.0,I,711,250.0,-0.4968909832563309,0.4811691739956732,0.0172065988491174,0.0489900561050868,-0.4847751551353089,-0.1271723952145683,515.0,-0.0010647525252138,0.0126188159854786,0.001407980263747,-0.0030666756371553,2,H001066,-0.311,-0.258,100.0,House,119.0,0.4968909832563309,0.6943127962085308,0.5971563981042654,0.04428633090601597
H2NY04244,"GILLEN, LAURA",NY,H,4.0,C,1721,300.0,-0.6666872921021686,0.5616004494138856,-0.0194476834586952,0.0684896396980731,-0.2810837498136978,-0.0641363279296687,1429.0,-0.0011910198868025,0.0140603915923498,0.00317287158039,-0.0053316289665901,2,G000602,-0.166,-0.166,100.0,House,119.0,0.6666872921021686,0.985781990521327,0.7014218009478673,0.07186594274873026
H2NY06116,"MENG, GRACE",NY,H,6.0,I,947,800.0,-1.5793625584019406,1.413192964097269,0.6319230766551102,0.5333752234904212,-0.0600253233235748,-0.1313609893313974,356.0,-0.0014614454827797,0.0304144804253727,-0.0103952571476155,0.0225966890531438,1,M001188,-0.371,-0.377,100.0,House,119.0,1.5793625584019406,0.5379146919431279,0.9620853080568721,0.4503637140786112
H2NY10092,"JEFFRIES, HAKEEM",NY,H,8.0,I,8432,20.0,0.2612330366580132,-0.3100970793384703,-0.1935991593671378,-0.4419120907613756,0.4881353574385805,-0.0466085119544296,4546.0,-0.0002288869389119,-0.005616101824643,0.00554541765069,-0.0108684038578495,0,J000294,-0.483,-0.473,100.0,House,119.0,-0.2612330366580132,0.16587677725118483,0.09004739336492891,-0.3237907112869957
H2NY10308,"GOLDMAN, DANIEL",NY,H,10.0,I,2629,500.0,-1.1329218607858087,0.9951114758644642,0.0726406398586804,0.3421068216122576,0.3160189455611675,-0.0427218943009543,1620.0,-0.0013589910057411,0.0269799268180857,-0.0051821863025099,0.013699016072219,1,G000599,-0.448,-0.564,100.0,House,119.0,1.1329218607858087,0.2725118483412322,0.8767772511848341,0.43488336933746274
H2NY13096,"ESPAILLAT, ADRIANO",NY,H,13.0,I,1228,1000.0,-1.8622241378954816,1.7017292496677603,0.2755754675614831,0.8822877166673827,0.8553865613261967,0.0546337662385353,655.0,-0.001590100646022,0.0410735731113178,-0.0134964825284824,0.0329741409568797,1,E000297,-0.526,-0.443,100.0,House,119.0,1.8622241378954816,0.08056872037914692,0.990521327014218,0.5991278441186507
H2OH01194,"LANDSMAN, GREG",OH,H,1.0,I,1760,300.0,-0.93829898131406,0.8274774522473991,0.0031713322050091,0.1694155612675179,0.0282347181427659,-0.0359895393278142,1353.0,-0.0013338366458314,0.0234625576695911,-0.0012200769121253,0.003949022347863,1,L000601,-0.226,-0.248,100.0,House,119.0,0.93829898131406,0.909952606635071,0.8104265402843602,0.20082145697976306
H2OH03125,"BEATTY, JOYCE",OH,H,3.0,I,262,500.0,-0.5766995006473629,0.4917951163089381,0.0099140397660466,0.1015074124856839,-0.618672234359215,-0.1999142722045528,62.0,-0.0010873686237305,0.0156393092781668,-0.0063833453535426,0.0113793635001948,1,B001281,-0.441,-0.57,100.0,House,119.0,0.5766995006473629,0.3009478672985782,0.6587677725118484,0.20939235007902457
H2OH09031,"KAPTUR, MARCY HON. M.C.",OH,H,9.0,I,1600,100.0,-0.2032539963926994,0.1082553885510283,-0.1228190903345299,-0.227705716392097,-0.4916527404701256,-0.1128905749006798,1183.0,-0.001022640188127,0.0035873865975367,0.0065918175212878,-0.0163311091788988,2,K000009,-0.34,-0.185,100.0,House,119.0,0.2032539963926994,0.6255924170616114,0.3127962085308057,-0.22199346891926697
H2OH11169,"BROWN, M SHONTEL",OH,H,11.0,I,294,250.0,-0.8031079875793528,0.6933268464442987,0.0254194465990635,0.1038876406119166,0.0827277904756439,-0.0247087313540999,123.0,-0.0012229888500688,0.0238508181844007,-0.0043044967639412,0.009545545688035,1,B001313,-0.476,-0.559,100.0,House,119.0,0.8031079875793528,0.1848341232227488,0.7440758293838863,0.32525003100832667
H2OH13264,"SYKES, EMILIA",OH,H,13.0,I,1407,100.0,-0.3060977828170195,0.2046263688992492,-0.1152658876116922,-0.1552524670794461,-0.4186950604084791,-0.0852231472900106,1078.0,-0.0009654569750575,0.0057186496070582,0.0053822255050742,-0.0128301522563184,2,S001223,-0.333,-0.339,100.0,House,119.0,0.3060977828170195,0.6469194312796208,0.44075829383886256,-0.0996425390502994
H2OR01133,"BONAMICI, SUZANNE MS.",OR,H,1.0,I,271,225.0,-0.1096162852222762,0.0018884611111412,-0.1073530289851084,-0.2879175300500716,-0.3932691604336875,-0.118189645061577,107.0,-0.001287334461266,0.0082033542508813,0.0064801332733907,-0.0186233953123264,2,B001278,-0.401,-0.498,100.0,House,119.0,0.1096162852222762,0.45023696682464454,0.27014218009478674,-0.21851133041166243
H2OR04095,"HOYLE, VALERIE",OR,H,4.0,I,395,50.0,-0.2328507485631123,0.1622235913572551,-0.0689202633804717,-0.1483135184105629,-0.3856416538189359,-0.0744141350753501,162.0,-0.0012232311224203,0.011027040442722,0.0035658349025106,-0.0094308499971992,2,H001094,-0.233,-0.24,100.0,House,119.0,0.2328507485631123,0.8909952606635071,0.3696682464454976,-0.2349491431354646
H2OR06066,"SALINAS, ANDREA",OR,H,6.0,I,837,50.0,-0.2063752935282019,0.100105532566705,-0.0699612264112974,-0.2101911835041777,-0.467385151721809,-0.1162244429685311,515.0,-0.0011741924223173,0.0083177609745155,0.0036441438095168,-0.0104925198547702,2,S001226,-0.227,-0.27,100.0,House,119.0,0.2063752935282019,0.9028436018957346,0.3222748815165877,-0.28545981664164644
H2PA17103,"DELUZIO, CHRISTOPHER",PA,H,17.0,I,1365,50.0,0.0308051219520571,-0.1016686655113548,-0.0515229913882244,-0.0374240974093481,-0.3900700769428475,-0.0884371512711223,795.0,-0.000669674087498,-0.0082294868280609,0.0058031458548608,-0.0141082398601073,0,D000530,-0.263,-0.301,100.0,House,119.0,-0.0308051219520571,0.8151658767772512,0.17061611374407584,-0.4140505009423465
H2PA18200,"LEE, SUMMER",PA,H,12.0,I,912,35.0,1.0108962548353309,-1.2892380638995495,1.3260976093209735,3.468228019967184,-0.0776284032621888,0.070366377160917,573.0,-0.0004362400760269,-0.0635686310007151,-0.0372576536198996,0.0505174635919821,3,L000602,-0.45,-0.561,100.0,House,119.0,-1.0108962548353309,0.26303317535545023,0.009478672985781991,-0.4299213619997719
H2RI02184,"MAGAZINER, SETH",RI,H,2.0,I,521,300.0,-1.3754277964201138,1.373217493546979,0.3666051818825273,0.3268837920508849,-13.394827235494732,-4.706751223281271,245.0,-0.0013722813945481,0.020388575083773,-0.0015996740158637,0.0012062671531908,1,M001223,-0.303,-0.25,100.0,House,119.0,1.3754277964201138,0.7109004739336493,0.933649289099526,0.37641498989309596
H2SC02042,"CLYBURN, JAMES E",SC,H,6.0,I,387,25.0,-0.0571662753233415,0.0640722356623054,-0.0721973121323525,-0.1345837019151098,-0.1268788102027778,-0.088288201184002,157.0,0.0017581971376793,0.0064024518470479,0.0038186290250257,0.0032367829136729,1,C000537,-0.466,-0.507,100.0,House,119.0,0.0571662753233415,0.2037914691943128,0.24644549763033174,-0.1773679944688628
H2TX23082,"CUELLAR, HENRY R.",TX,H,28.0,I,634,500.0,-0.7320448917951173,0.6209668274038309,-0.0081327441266934,0.0209531935905185,-0.575902062420575,0.1456831438034121,307.0,-0.0012480519903578,0.016212577727091,0.0020688595138362,-0.0048385074325185,2,C001063,-0.225,-0.192,100.0,House,119.0,0.7320448917951173,0.919431279620853,0.7156398104265402,0.10354088026012553
H2TX30178,"CROCKETT, JASMINE",TX,H,30.0,I,4048,25.0,0.5082240229267486,-0.4990405710692664,-0.1313126352040907,-0.2603012228371432,0.7193016568986564,-0.0449349661568885,2785.0,-0.0002620739359243,-0.0184550478764938,0.0024564805994478,-0.0102159438328594,0,C001130,-0.495,-0.482,100.0,House,119.0,-0.5082240229267486,0.14454976303317535,0.037914691943127965,-0.37031225726970735
H2TX35011,"CASTRO, JOAQUIN",TX,H,20.0,I,250,50.0,-0.2029547125205201,0.1129828086667901,0.04004685994331,0.1360164900111923,-0.3379454700692761,-0.0836818382459482,91.0,-0.0010647658803513,0.0069050288978624,-0.0024660448426952,0.0015395243388596,1,C001091,-0.403,-0.426,100.0,House,119.0,0.2029547125205201,0.43364928909952605,0.3080568720379147,-0.17623240646035387
H2TX35144,"CASAR, GREG",TX,H,37.0,O,646,50.0,0.3041151360120713,-0.3910528851596401,0.097928029489076,0.3489450063402302,-0.1482471235086083,-0.0663613085341963,442.0,-0.0008275358034283,-0.0180002659255337,-0.0039571207764332,0.0002286609629427,3,C001131,-0.429,-0.528,100.0,House,119.0,-0.3041151360120713,0.35071090047393366,0.07109004739336493,-0.39137807106400063
H2VI00082,"PLASKETT, STACEY",VI,H,0.0,I,206,1000.0,-0.2947061434759568,1.3048349318857684,0.1151885499083297,0.3308115813802466,-0.3218409148085445,-0.1409142090459547,42.0,-0.0010867092041489,0.0234380691653869,-0.0075943179021951,0.015602994195376,1,P000610,-0.473,-0.766,100.0,House,119.0,0.2947061434759568,0.1943127962085308,0.4312796208530806,0.009959975615703498
H2VT01076,"BALINT, REBECCA 'BECCA'",VT,H,0.0,I,700,25.0,0.1556827274791103,-0.22815001896481,-0.0354350102933255,-0.0011600893268436,-0.0908257380447116,0.0717093987440678,266.0,-0.0009365242003836,-0.0038955208557954,-2.016941887925253e-05,-0.0051235744448502,0,B001318,-0.442,-0.422,100.0,House,119.0,-0.1556827274791103,0.2890995260663507,0.11848341232227488,-0.32777470153327704
H2WA03217,"GLUESENKAMP PEREZ, MARIE",WA,H,3.0,I,1647,50.0,-0.4963557107162472,0.3884042816222547,-0.0709569254611435,-0.0842432621783052,-0.4611386340341832,-0.016386161020514,1315.0,-0.0011390481881669,0.0113098569102423,0.0050728484419022,-0.0118647546143433,2,G000600,-0.099,-0.141,100.0,House,119.0,0.4963557107162472,1.0,0.5924170616113744,-0.04087956688048888
H2WI02124,"POCAN, MARK",WI,H,2.0,I,374,25.0,0.0738138023358757,-0.2025488951984561,0.1181134557003983,0.393215110848627,-0.1080867559182448,-0.0225051740373786,97.0,-0.0008961744286527,-0.0067295969729628,-0.0054958406807744,0.0026519437122203,1,P000607,-0.521,-0.463,100.0,House,119.0,-0.0738138023358757,0.09004739336492891,0.16113744075829384,-0.23274988899909094
H4AL02170,"FIGURES, SHOMARI C.",AL,H,2.0,I,340,50.0,-0.2339492254329551,0.1529850496067158,-0.0374673598207202,-0.0376872348448491,-0.31326640286262,-0.0810059965013597,186.0,-0.0003623112264652,0.0089174203884209,-0.000751435750491,0.0001701979021624,1,F000481,-0.411,-0.419,100.0,House,119.0,0.2339492254329551,0.4218009478672986,0.3744075829383886,-0.10676438698260815
H4AZ03109,"ANSARI, YASSAMIN",AZ,H,3.0,I,722,250.0,-0.2129454025768362,0.0657979277674461,0.1422806303353219,0.1938497978497244,-0.6786571094615195,-0.1025822140764609,295.0,-0.0010047784331345,-0.0055849479481171,0.0155498451034465,0.002918882686357,4,A000381,-0.428,-0.422,100.0,House,119.0,0.2129454025768362,0.3578199052132701,0.33649289099526064,-0.12784561260846805
H4CA12055,"KHANNA, ROHIT",CA,H,17.0,I,3932,25.0,0.0642816273070617,-0.2309507022997412,0.2956712000650202,0.7776500894129434,-0.080556332403384,0.0234732205016253,2282.0,-0.0008635949044678,-0.0164495220729654,-0.0083322371250812,0.0080811892491707,3,K000389,-0.458,-0.374,100.0,House,119.0,-0.0642816273070617,0.22748815165876776,0.16587677725118483,-0.26417133200255344
H4CA12154,"SIMON, LATEEFAH",CA,H,12.0,I,748,250.0,0.328302879547459,-0.5085341491550213,0.6191778639667591,1.6607328358179458,-0.4996854517314231,0.0189686942452606,365.0,0.0004910229426988,-0.0247941895768688,-0.0149939858871335,0.0167453156385794,3,S001231,-0.603,-0.6,100.0,House,119.0,-0.328302879547459,0.02843601895734597,0.061611374407582936,-0.31606595074798816
H4CA16049,"LOFGREN, ZOE",CA,H,18.0,I,728,25.0,0.0155616962598762,-0.1081884240637408,-0.0826422014998285,-0.2077113874102856,0.0231444903150894,-0.0802762032532674,519.0,-0.0007208734197952,-0.003844585091988,0.0039518714049986,-0.0108783350723777,0,L000397,-0.396,-0.338,100.0,House,119.0,-0.0155616962598762,0.46208530805687204,0.1943127962085308,-0.2974580228751902
H4CA16197,"LICCARDO, SAM T.",CA,H,16.0,I,655,1000.0,-0.5494740778398813,0.4066496884428651,0.0974767764450791,0.2679202843633873,-0.6141533278960934,-0.0642145578375277,344.0,-0.0012058837060996,0.013721268682486,-0.0017631468139733,0.001421411657817,1,L000607,-0.346,-0.343,100.0,House,119.0,0.5494740778398813,0.6066350710900474,0.6398104265402843,0.11000844281384659
H4CA20082,"COSTA, JIM",CA,H,21.0,I,264,750.0,-0.9420604702720649,0.8124327782431122,0.0896081180155249,0.2359537441487331,-0.2565488548022507,-0.0377582569234445,72.0,-0.0007149255783145,0.0229280053370432,-0.0021654002721821,0.0068999486035627,1,C001059,-0.199,-0.313,100.0,House,119.0,0.9420604702720649,0.9691943127962085,0.8151658767772512,0.1899742505862947
H4CA23011,"WATERS, MAXINE MS",CA,H,43.0,I,157,1000.0,-0.2129397883810042,0.4067442357208234,0.1923397020167151,0.5292229362124359,-0.2280401370878816,-0.0519209817761051,38.0,0.000158944298652,0.009541725686534,-0.0101919230166951,0.0172424700659865,1,W000187,-0.656,-0.676,100.0,House,119.0,0.2129397883810042,0.009478672985781991,0.33175355450236965,-0.04093607692956647
H4CA27111,"WHITESIDES, GEORGE",CA,H,27.0,I,1520,50.0,-0.2868519173815843,0.1959047759005189,-0.040511974367339,-0.0603334536228021,-0.4109604678000986,-0.0584076287021864,1019.0,-0.0008239337335951,0.004135049838516,0.0054054364960401,-0.0109356013634815,2,W000830,-0.204,-0.202,100.0,House,119.0,0.2868519173815843,0.957345971563981,0.4265402843601896,-0.1955340332534951
H4CA29141,"RIVAS, LUZ",CA,H,29.0,I,287,500.0,-1.0769328628017811,0.9428415578373588,0.140829629315533,0.3246131227690716,0.1389080486287823,0.01008453535315,98.0,-0.0012363069723605,0.0257766555403913,-0.0058078154470122,0.0124855343729839,1,R000620,-0.521,-0.518,100.0,House,119.0,1.0769328628017811,0.09004739336492891,0.8578199052132701,0.46393257545588534
H4CA30149,"FRIEDMAN, LAURA",CA,H,30.0,I,450,250.0,-0.3818675177932975,0.279848787305084,0.0450912749343344,-0.0071491150330509,-0.3371443285182248,-0.0234939431832292,163.0,0.000424553065121,0.0115508170378063,0.0012826236003804,-0.0006871427941616,1,F000483,-0.356,-0.354,100.0,House,119.0,0.3818675177932975,0.5829383886255924,0.5165876777251185,-0.006979688846775467
H4CA33119,"LIEU, TED",CA,H,36.0,I,578,500.0,-1.6267480551801463,1.4669344624616525,0.2957375862950457,0.5775444439963496,0.6465771227424095,0.0716519581763841,457.0,-0.0015380628271561,0.0398889423322306,-0.0111530924513601,0.0279095008909161,1,L000582,-0.37,-0.368,100.0,House,119.0,1.6267480551801463,0.5450236966824644,0.966824644549763,0.45323266542513907
H4CA35031,"TORRES, NORMA",CA,H,35.0,I,156,500.0,-1.1272433930560315,1.021422306288614,0.1364614606069349,0.3761261443143835,0.3066493871771204,0.0508706701485597,103.0,4.5589513238795735e-05,0.0283211589309031,-0.0091562122684742,0.0203460799896363,1,T000474,-0.366,-0.349,100.0,House,119.0,1.1272433930560315,0.5521327014218009,0.8672985781990521,0.35183621392806497
H4CA45170,"TRAN, DEREK",CA,H,45.0,I,2183,100.0,-0.2390593076202891,0.1388651801719225,0.0064216093901306,-0.0616507134611571,-0.6304113329833718,-0.1146989064943049,1559.0,-0.000742899843562,0.0027663125734857,0.0054241713268658,-0.0133159129358308,2,T000491,-0.233,-0.231,100.0,House,119.0,0.2390593076202891,0.8909952606635071,0.3791469194312796,-0.22547047014968263
H4CA47085,"MIN, DAVE",CA,H,47.0,I,1690,100.0,-0.2393144710526539,0.1285869041737415,0.0637087493692287,-0.0784332749298624,-0.5875385541732744,-0.1148012291858269,1114.0,-0.0008195195901191,0.0012104342785143,0.005313238403566,-0.0119544861867031,2,M001241,-0.207,-0.208,100.0,House,119.0,0.2393144710526539,0.95260663507109,0.38388625592417064,-0.23694113825860524
H4DE00045,"MCBRIDE, SARAH ELIZABETH",DE,H,0.0,I,3171,30.0,-0.0372347599722447,-0.0206419850340393,-0.0475457846422103,-0.0672426406217205,-0.094747465319427,-0.0155797536038413,1452.0,-0.0007946811807996,-0.0031350531101176,0.002850487167177,-0.0078447086211757,0,M001238,-0.267,-0.265,100.0,House,119.0,0.0372347599722447,0.8056872037914692,0.23222748815165878,-0.34994527967294614
H4FL20023,"WASSERMAN SCHULTZ, DEBBIE",FL,H,20.0,I,1372,500.0,-1.5397146464889233,1.3984987949508418,0.1335696691354594,0.5052151042087442,0.8149745263472642,0.0883563931769586,947.0,-0.001236842539414,0.0377222761665459,-0.0105727687772053,0.026486873569119,1,W000797,-0.412,-0.366,100.0,House,119.0,1.5397146464889233,0.41706161137440756,0.957345971563981,0.47742092507389305
H4LA06211,"FIELDS, CLEO",LA,H,6.0,I,190,500.0,0.1495692970119413,-0.1376601648067013,-0.0585440164843705,-0.0678276486699234,-0.0087178248334298,0.0846142540490789,62.0,6.010983089061037e-05,-0.0142215133192138,0.001818164245117,-0.0063315410697104,0,F000110,-0.457,-0.472,100.0,House,119.0,-0.1495692970119413,0.23459715639810427,0.12322274881516587,-0.3086957455849355
H4MA03022,"MCGOVERN, JAMES P",MA,H,2.0,I,548,50.0,-0.0087255635292615,-0.0503833760762801,0.0792207218526171,0.167551858690628,-0.2188811191747975,-0.1152468010447758,239.0,0.0023044633426395,0.0044867657795116,-0.0027413139049182,0.0003731434711647,6,M000312,-0.538,-0.449,100.0,House,119.0,0.0087255635292615,0.07109004739336493,0.2037914691943128,-0.18510816683943698
H4MA05084,"CLARK, KATHERINE",MA,H,5.0,I,695,25.0,-1.1276355151672537,1.0076380712878332,0.0799440738167235,0.3601527469004936,0.2966460524662624,-0.0112048401363955,503.0,-0.0011522855778335,0.0297615800508529,-0.007154173200487,0.0170436752133554,1,C001101,-0.478,-0.486,100.0,House,119.0,1.1276355151672537,0.18009478672985782,0.8720379146919431,0.4544590397472923
H4MD02232,"OLSZEWSKI, JOHN ANTHONY JR.",MD,H,2.0,I,493,500.0,-0.87380195399394,0.790653490848557,0.0834184100214729,0.2232223062151209,-0.0462417705971265,-0.0858527590138424,106.0,-0.0014328376627163,0.0314943929702254,-0.0093232418415888,0.0202699854902482,1,O000176,-0.378,-0.375,100.0,House,119.0,0.87380195399394,0.5118483412322274,0.7819905213270142,0.2771270062187514
H4MD03156,"ELFRETH, SARAH KELLY",MD,H,3.0,I,506,250.0,-0.6509597736669281,0.5047563035823223,0.3476330933526559,0.0809817735754871,-0.3627766643380152,-0.1740665374644206,172.0,-0.0013552845296608,0.0228331013901123,-0.0061372684282512,0.0114642993034175,1,E000301,-0.373,-0.382,100.0,House,119.0,0.6509597736669281,0.5284360189573459,0.6919431279620853,0.18271538084564187
H4MD06340,"DELANEY, APRIL MCCLAIN",MD,H,6.0,I,401,1000.0,-0.8887662239542327,0.7904501410616807,0.0723402255521004,0.1900941273726392,-0.0576207931389503,-0.0428742554421205,152.0,-0.001307368445732,0.0266676108802869,-0.0042266389337757,0.0108788978086262,1,M001232,-0.29,-0.288,100.0,House,119.0,0.8887662239542327,0.7511848341232228,0.8009478672985783,0.23311471892942393
H4MI08218,"MCDONALD RIVET, KRISTEN",MI,H,8.0,I,2002,250.0,-0.3910530171046464,0.2962363324393475,-0.0183666796094102,0.0773263734572192,-0.5176760976749398,-0.0937132126764383,1549.0,-0.0010934625862783,0.0066551364234024,0.0036298412785893,-0.0098693853592186,2,M001237,-0.244,-0.242,100.0,House,119.0,0.3910530171046464,0.8436018957345972,0.5355450236966824,-0.05660313157519237
H4MI12079,"DINGELL, DEBBIE",MI,H,6.0,I,370,100.0,-0.3619677952173771,0.2439130878040236,0.1140785698499575,0.4029193430854075,-0.244700512598443,-0.075812063040428,127.0,-0.0010954619175038,0.0100200607461678,-0.0048914268122914,0.0067165355992154,8,D000624,-0.397,-0.4,100.0,House,119.0,0.3619677952173771,0.4549763033175355,0.4928909952606635,0.0029905613233055517
H4MO01134,"BELL, WESLEY",MO,H,1.0,I,1987,1000.0,-1.9949331323145827,1.8350398902091776,0.2063301804430277,0.7761121491207821,1.1748356789942251,0.1808989884453189,1480.0,-0.0016255060312323,0.0483666076746803,-0.0135124169092707,0.0358078257195794,1,B001324,-0.455,-0.472,100.0,House,119.0,1.9949331323145827,0.24407582938388625,1.0,0.5655876587380811
H4MO05234,"CLEAVER II, EMANUEL",MO,H,5.0,I,428,100.0,-0.1455948360826052,0.2291460638618443,-0.0559283428066079,-0.064009733460826,-0.6331632428924147,1.854004462539783,89.0,-0.0004115166140954,0.0059100186507949,0.0003834936299754,0.0050475909888145,1,C001061,-0.454,-0.525,100.0,House,119.0,0.1455948360826052,0.25118483412322273,0.2796208530805687,-0.15666187332771325
H4MS02068,"THOMPSON, BENNIE G.",MS,H,2.0,I,157,480.0,-0.2106176600780858,0.8196258689726843,0.0950576124736283,0.1972645679591164,-0.7927772589019407,0.1503840424402455,40.0,-0.0009593973080213,0.0175472596471434,-0.0041751727184994,0.0086451845106784,1,T000193,-0.52,-0.63,100.0,House,119.0,0.2106176600780858,0.1018957345971564,0.32701421800947866,-0.06999042032517794
H4NH02399,"GOODLANDER, MAGGIE",NH,H,2.0,I,1512,500.0,-0.5270514812028064,0.4303688108780469,-0.0176144580979185,0.0222643945496993,-0.5110041024613222,-0.1701618583539731,1057.0,-0.001143957183462,0.0105825511275003,0.0006626364326819,-0.0030813714497758,1,G000604,-0.21,-0.208,100.0,House,119.0,0.5270514812028064,0.943127962085308,0.6208530805687204,0.002519533247761996
H4NJ01084,"NORCROSS, DONALD W",NJ,H,1.0,I,322,1000.0,-1.69294405422533,1.5599898670155048,0.1832530426040752,0.6081293138034194,0.5711279485633534,0.0315994803402029,120.0,-0.0016961148113193,0.046997715625789,-0.0132248379867232,0.0323570665729007,1,N000188,-0.421,-0.453,100.0,House,119.0,1.69294405422533,0.3767772511848341,0.9715639810426541,0.5022377837152904
H4NJ03080,"CONAWAY, HERB MD",NJ,H,3.0,I,327,150.0,-0.3793474631605973,0.4070410800669874,0.2471202997227066,0.2197958132820563,-0.3381965680874386,-0.0659168812080007,119.0,-0.0008327295800638,0.0152666673865142,-0.0044843153582228,0.0072028103037849,1,C001136,-0.299,-0.297,100.0,House,119.0,0.3793474631605973,0.7203791469194313,0.5118483412322274,-0.04787980483602006
H4NJ09194,"POU, NELIDA",NJ,H,9.0,I,1008,500.0,-0.5346862876227859,0.4334917850142789,-0.0001957893127253,0.0987785253643775,-0.4757040836542251,-0.0929947944959116,772.0,-0.0011051672580945,0.0115090706862908,0.0020015471828516,-0.0056442219570634,2,P000621,-0.308,-0.305,100.0,House,119.0,0.5346862876227859,0.7014218009478673,0.6303317535545023,0.07559130120988977
H4NJ10176,"MCIVER, LAMONICA",NJ,H,10.0,I,804,100.0,0.184885562275026,-0.2433060630822061,0.1289600111866471,0.1660452627045708,-0.0242988270012894,-0.0644545218971853,516.0,-2.4796753607308706e-05,-0.0116762710825015,-3.386621045391456e-05,-0.0022361012368703,0,M001229,-0.539,-0.552,100.0,House,119.0,-0.184885562275026,0.06635071090047394,0.10900473933649289,-0.27864797326634816
H4NY11138,"CLARKE, YVETTE D",NY,H,9.0,I,344,250.0,-0.4389238674083799,0.4163283923702769,0.1507581672707886,0.3800919428618569,-0.3764123805683462,-0.096703491869607,146.0,-0.0011507644678157,0.0145166364703113,-0.0060528736294276,0.0121892774972356,1,C001067,-0.607,-0.652,100.0,House,119.0,0.4389238674083799,0.02132701421800948,0.5734597156398105,0.19765277563060246
H4NY16087,"LATIMER, GEORGE",NY,H,16.0,I,316,200.0,-0.8836289337990032,0.7889120610936262,0.0433240514558446,0.2106219422680422,0.2252641199909469,0.0863611450171011,77.0,-0.0013613543153369,0.0259317595142265,-0.0037774685025786,0.0107126162875825,1,L000606,-0.402,-0.399,100.0,House,119.0,0.8836289337990032,0.4431279620853081,0.7914691943127962,0.3046860689527101
H4NY22085,"MANNION, JOHN W",NY,H,22.0,I,1219,100.0,-0.2020148450337205,0.1137808632432952,-0.1092022820026132,-0.1564734860932331,-0.4726199323227451,-0.1124905285487727,499.0,-0.0010883052916791,0.0021026150873238,0.0080655350177768,-0.0113295363464492,2,M001231,-0.238,-0.239,100.0,House,119.0,0.2020148450337205,0.8720379146919431,0.3033175355450237,-0.29631216031230356
H4NY26078,"KENNEDY, TIMOTHY",NY,H,26.0,I,771,1000.0,-1.2021174328509072,1.1716936177823587,0.1377722626829564,0.4290029161221855,-0.1598004124166035,-0.0841627404435891,169.0,-0.0013684051440406,0.0283420502708709,-0.005494897876485,0.0148758646199963,1,K000402,-0.385,-0.386,100.0,House,119.0,1.2021174328509072,0.495260663507109,0.9052132701421801,0.4047139870420978
H4OR03192,"DEXTER, MAXINE",OR,H,3.0,I,472,250.0,-0.077503269342945,0.0042420650860744,0.0089006542700098,-0.240735203073315,-0.3820409373441548,-0.1040207517220609,131.0,-0.0012540505522866,0.0080484570255319,0.0052568926173882,-0.0156341359509931,2,D000635,-0.459,-0.455,100.0,House,119.0,0.077503269342945,0.22274881516587677,0.26066350710900477,-0.1681376787138248
H4OR05304,"BYNUM, JANELLE",OR,H,5.0,I,1699,100.0,-0.2154361609577466,0.1563654403886333,-0.0792653212524154,-0.1648109750615783,-0.5791947096103301,-0.1069229973070393,1260.0,-0.0009767200251553,0.0041702086789946,0.0064116255778484,-0.0152926109788724,2,B001326,-0.288,-0.286,100.0,House,119.0,0.2154361609577466,0.7630331753554502,0.3459715639810427,-0.22497889296538354
H4PA13199,"BOYLE, BRENDAN F",PA,H,2.0,I,297,1000.0,-1.1850329005536793,1.0648001416312565,0.1212518541210059,0.3601426486744931,0.1213313863965504,-0.0162033732643494,179.0,-0.0014959060278228,0.0346429573750875,-0.0076828871823758,0.0187692655969039,1,B001296,-0.379,-0.31,100.0,House,119.0,1.1850329005536793,0.5071090047393365,0.8957345971563981,0.3921180054790441
H4RI01265,"AMO, GABRIEL F",RI,H,1.0,I,962,500.0,-1.0575669297514172,1.1155188438288843,0.2763532659748026,0.2555080164679827,-7.575203238360221,-2.630555693083678,552.0,-0.0012074901030719,0.0197780973809446,-0.0028127591485964,0.0046567179656431,1,A000380,-0.426,-0.358,100.0,House,119.0,1.0575669297514172,0.36492890995260663,0.8436018957345972,0.3773930069845054
H4TX09095,"GREEN, ALEXANDER",TX,H,18.0,I,574,500.0,0.8518284895252967,-0.9963660861672552,0.8692629796577381,2.418776912830643,0.1606044740593186,0.0528463543453541,240.0,0.0024740119978809,-0.0414102207301838,-0.0249316125320899,0.0350831604147649,3,G000553,-0.448,-0.517,100.0,House,119.0,-0.8518284895252967,0.2725118483412322,0.014218009478672985,-0.42767587236869836
H4VA04066,"MCCLELLAN, JENNIFER",VA,H,4.0,I,451,100.0,-0.2179526175816751,0.174182222687514,-0.0828215771981003,-0.1328053642397834,-0.6126279472805992,-0.163869916197563,154.0,-0.0004748633412519,0.0069147864302431,-0.0007463048709317,-0.0027516670025818,6,M001227,-0.555,-0.556,100.0,House,119.0,0.2179526175816751,0.05687203791469194,0.35545023696682465,-0.029708628774198886
H4VA07234,"VINDMAN, YEVGENY 'EUGENE'",VA,H,7.0,I,7916,25.0,0.2288489456937777,-0.2949581047302652,-0.2007915457875162,-0.4249461701780089,0.2139180680085172,-0.0485286174208278,5559.0,-0.0008119985244233,-0.0086743217025151,0.0080665475574247,-0.0164236183719058,0,V000138,-0.174,-0.175,100.0,House,119.0,-0.2288489456937777,0.981042654028436,0.0995260663507109,-0.5287828684175174
H4VA08224,"BEYER, DONALD STERNOFF JR.",VA,H,8.0,I,749,250.0,-0.272532086938934,0.1765587757031405,-0.0495258829945753,-0.1064281467171899,-0.7533709835818201,-0.2252556309617759,474.0,-0.0010061683985888,0.0088770011748845,0.0006783915052025,-0.0046362094842835,6,B001292,-0.392,-0.385,100.0,House,119.0,0.272532086938934,0.476303317535545,0.41232227488151657,-0.08318931449493067
H4VA10279,"SUBRAMANYAM, SUHAS",VA,H,10.0,I,535,250.0,-0.4126489655281158,0.2832837673502592,0.0144598945238716,-0.034564252402167,-0.6022038886671491,-0.0656071835337175,216.0,-0.0006337282175131,0.0112283044573436,-0.0009559491994054,-0.0004580836692858,6,S001230,-0.238,-0.237,100.0,House,119.0,0.4126489655281158,0.8720379146919431,0.5592417061611374,-0.04038798969618984
H4WA06117,"RANDALL, EMILY",WA,H,6.0,I,784,25.0,-0.1939274900727367,0.0478468511359973,-0.0050854683351003,-0.2343010262920798,-0.165413676443983,-0.0666030972504876,316.0,-0.0010449142680341,0.0078864147489845,0.002039386541864,-0.0062364712993869,1,R000621,-0.572,-0.569,100.0,House,119.0,0.1939274900727367,0.04265402843601896,0.2985781990521327,-0.08283989639616468
H4WI04183,"MOORE, GWEN S",WI,H,4.0,I,301,350.0,-0.6490167691553703,0.546733671571383,-0.0631354299301023,-0.0314625016880181,-0.3630400576070657,0.4607392457927487,166.0,-0.0012574431253936,0.0198344331952704,-0.0017582807870979,0.0028273214062273,1,M001160,-0.52,-0.434,100.0,House,119.0,0.6490167691553703,0.1018957345971564,0.6872037914691943,0.2901991531345377
H6AZ07121,"GRIJALVA, ADELITA",AZ,H,7.0,I,1044,100.0,0.1327674145146769,-0.1967446143842132,0.0245776652555872,0.1314780683229896,-0.3361150552169467,-0.0506726219308905,546.0,0.0009215888985134,-0.014416610688666,0.001887638678377,-0.0065186328894328,4,G000606,-0.497,-0.489,100.0,House,119.0,-0.1327674145146769,0.13270142180094788,0.12796208530805686,-0.27714755532750657
H6CA05195,"MATSUI, DORIS",CA,H,7.0,I,454,500.0,-0.3845367185399662,0.5330414298570273,0.1881424715559657,0.018130424469582,-0.7257493909733541,-0.1934781474685884,181.0,-0.0010743252730916,0.01549894695066,-0.0016813770409234,0.0012350464942991,1,M001163,-0.433,-0.403,100.0,House,119.0,0.3845367185399662,0.32701421800947866,0.5213270142180095,0.06509351291518767
H6CA20152,"PANETTA, JIMMY",CA,H,19.0,I,935,500.0,-1.2908146989090266,1.1417002354349488,0.0957854591206468,0.3915622227454661,0.1244614496228712,0.0339538830944708,437.0,-0.0014307510962386,0.0317235657207817,-0.0056400337254584,0.0138194610748081,1,P000613,-0.279,-0.241,100.0,House,119.0,1.2908146989090266,0.7819905213270142,0.919431279620853,0.34349312895079187
H6CA24113,"SHERMAN, BRAD",CA,H,32.0,I,837,1000.0,-1.993239722407185,1.826512306536097,0.2233989871821177,0.7828011932298717,1.0574298053308102,0.1465063878694915,503.0,-0.0016256600809228,0.0491342706584767,-0.0137612067682597,0.0358335144897039,1,S000344,-0.345,-0.5,100.0,House,119.0,1.993239722407185,0.6113744075829384,0.995260663507109,0.4642117563497625
H6CA24303,"CARBAJAL, SALUD O.",CA,H,24.0,I,336,1000.0,-0.2157032654841442,0.1070017334287629,0.0213829153581874,-0.1401186396303262,-0.3179013339388745,-0.1032563985109263,75.0,-0.0011444776415306,0.0128804724925961,0.0009288767720285,-0.0037982181953205,1,C001112,-0.323,-0.332,100.0,House,119.0,0.2157032654841442,0.6753554502369669,0.35071090047393366,-0.19717147300068077
H6CA46116,"CORREA, LOU",CA,H,46.0,I,343,500.0,-0.8130037634075046,0.6795153730794854,0.0656592402758712,0.2652449482546157,-0.2860672132842255,0.1550648406328962,159.0,-0.0012908945790472,0.0225191917798973,-0.0047333031541853,0.0098904396157019,1,C001110,-0.285,-0.375,100.0,House,119.0,0.8130037634075046,0.7725118483412322,0.7535545023696683,0.18011019856142463
H6CO01141,"DEGETTE, DIANA L",CO,H,1.0,I,473,450.0,-0.411903700399653,0.3173381380859346,-0.0114664866511769,-0.0546103299007021,-0.3672850465805162,0.0552042294285585,210.0,-0.0008000554725439,0.0140944947167335,0.0016330717476771,-0.0015120786652167,1,D000197,-0.431,-0.525,100.0,House,119.0,0.411903700399653,0.34360189573459715,0.5545023696682464,0.09390463635724394
H6FL09179,"SOTO, DARREN",FL,H,9.0,I,447,750.0,-1.1728060648218277,1.0489416927885582,0.0833841822891674,0.3628208388161335,0.2041805178812841,0.0293227876926526,277.0,-0.001118530102257,0.0272778825286901,-0.0048823867216693,0.0120551883654547,1,S001200,-0.339,-0.333,100.0,House,119.0,1.1728060648218277,0.6303317535545023,0.8909952606635071,0.3549586597825257
H6FL11126,"CASTOR, KATHY",FL,H,14.0,I,1009,250.0,-0.332434521977014,0.2625950370576643,-0.1127095031325599,-0.1720000484106814,-0.4706244854653897,-0.1362918011764744,458.0,-0.0009689637457606,0.0079348964329302,0.0045650136743377,-0.0124158023771396,2,C001066,-0.434,-0.572,100.0,House,119.0,0.332434521977014,0.31990521327014215,0.47393364928909953,0.01957053313264079
H6IL08147,"KRISHNAMOORTHI, S. RAJA",IL,H,8.0,I,746,2000.0,-1.030132570891966,0.8700830565669002,0.4857743849468396,1.2127530477909183,0.5501300798567073,0.8900469881173273,570.0,-0.0008148803196038,0.0110154773387445,-0.0128970983107925,0.0251592796831653,5,K000391,-0.349,-0.463,100.0,House,119.0,1.030132570891966,0.5971563981042654,0.8341232227488151,0.3068150858841949
H6MD07020,"MFUME, KWEISI",MD,H,7.0,I,160,500.0,-1.3167871025466542,1.1889149587891463,0.112502797003989,0.4244854091193572,0.2966966070369128,0.0757602839624215,63.0,-0.0015433381616189,0.0412046192680922,-0.0122504187734976,0.0294400803935487,1,M000687,-0.441,-0.385,100.0,House,119.0,1.3167871025466542,0.3009478672985782,0.9241706161137441,0.47479519368092027
H6MD08457,"RASKIN, JAMIE",MD,H,8.0,I,6187,25.0,0.2533411512652959,-0.3151859133890748,-0.1551417963830733,-0.3435184612567273,0.2555682610839446,-0.0924879474454117,3547.0,-0.0007893960191061,-0.0091825844918219,0.0060513992591035,-0.0127803695703401,0,R000606,-0.494,-0.415,100.0,House,119.0,-0.2533411512652959,0.15165876777251186,0.0947867298578199,-0.31531060450137854
H6MN02131,"CRAIG, ANGELA DAWN",MN,H,2.0,I,360,1000.0,-1.140934047805757,1.0227637214996703,0.0510030092583309,0.3315982803069447,0.4594595880090036,0.1082784463525407,212.0,-0.0013099051572785,0.0295920775186997,-0.0052394507258178,0.0140958550827626,1,C001119,-0.273,-0.278,100.0,House,119.0,1.140934047805757,0.7938388625592417,0.8815165876777251,0.3024611284303921
H6NJ05171,"GOTTHEIMER, JOSH",NJ,H,5.0,I,1228,1000.0,-1.7747922544260577,1.6179890129704528,0.1876043653774222,0.6598326140077364,0.71125088460498,0.0639501171394982,922.0,-0.0016329093378943,0.0449983555991471,-0.0120149357212366,0.030542053527747,1,G000583,-0.165,-0.208,100.0,House,119.0,1.7747922544260577,0.990521327014218,0.981042654028436,0.35023987239839016
H6NJ11286,"MEJIA, ANALILIA",NJ,H,11.0,I,1032,250.0,0.4130024098958411,-0.6039982634211838,0.6905453437078346,1.7482045799788744,-0.3725706770469051,-0.0953876663826923,540.0,-0.0008126905823162,-0.033088944712675,-0.0185181905466631,0.0226010795906562,3,M001246,-0.423,-0.428,100.0,House,119.0,-0.4130024098958411,0.3696682464454976,0.04739336492890995,-0.4200624472520906
H6NV04020,"LEE, SUSIE",NV,H,3.0,I,1604,500.0,-0.7670430210352176,0.6574247597315117,0.0053106395250739,0.0971108779343406,-0.2289211646055968,-0.0480964611814104,1238.0,-0.0012732553855179,0.0160447764809644,0.0024228498515833,-0.0045191896256761,2,L000590,-0.225,-0.205,100.0,House,119.0,0.7670430210352176,0.919431279620853,0.7345971563981043,0.1224982262316896
H6NY03247,"SUOZZI, THOMAS",NY,H,3.0,I,1914,500.0,-1.0749084298718503,0.9438956643903812,0.09007607311267,0.352434186095047,-0.029086022571206,0.0549963124360069,1090.0,-0.0013827727868185,0.0228234849976468,-0.0023819157588902,0.0067856366475212,1,S001201,-0.213,-0.182,100.0,House,119.0,1.0749084298718503,0.9383886255924171,0.8483412322274881,0.2312546083374385
H6TN09068,"COHEN, STEVE I MR.",TN,H,9.0,I,205,500.0,-0.4567813462033016,0.4131095977888989,-0.0164769436874036,-0.0279981152673342,-0.186880400600618,-0.0509387096718938,50.0,-0.0009304956689521,0.0108849759655104,0.0018035416242712,-0.0053496146712876,1,C001068,-0.388,-0.335,100.0,House,119.0,0.4567813462033016,0.4881516587677725,0.5781990521327014,0.07957015417898228
H6TX15162,"GONZALEZ, VICENTE",TX,H,34.0,I,943,1000.0,-0.6026928340021388,0.4952106269416452,-0.0603665302973441,-0.0054381234249598,-0.520608549548583,-0.0709494609553657,790.0,-0.0012395239263166,0.0121405234323025,0.0048614431315695,-0.0115865525842657,2,G000581,-0.385,-0.287,100.0,House,119.0,0.6026928340021388,0.495260663507109,0.6682464454976303,0.16774716239754806
H6TX18232,"MENEFEE, CHRISTIAN",TX,H,18.0,C,1695,500.0,0.2739805379786908,-0.2585559867988579,0.0050341325385287,0.1445583895931547,0.1840928884054009,0.0084060179948067,652.0,0.000802432058384,-0.0129879458728302,-0.0027665635925706,-0.0001289256914218,3,M001245,-0.567,-0.556,100.0,House,119.0,-0.2739805379786908,0.04739336492890995,0.08056872037914692,-0.30209629850005915
H6VA01117,"SCOTT, ROBERT C",VA,H,3.0,I,224,500.0,-0.3292838233445774,0.2500398540175115,-0.063127340936111,-0.1555600390350298,-0.8469239700520237,-0.0688957922189972,76.0,1.8638851699012613e-05,0.0103382827929315,-0.0007130051918522,-0.0018279098946023,6,S000185,-0.45,-0.461,100.0,House,119.0,0.3292838233445774,0.26303317535545023,0.46919431279620855,0.02979427781065469
H6VA11066,"WALKINSHAW, JAMES",VA,H,11.0,I,1120,250.0,-0.4002739935517912,0.2903845804128444,-0.0532736762595754,-0.1687384334018296,-0.5955209158190023,-0.2444019581567469,543.0,-0.0007021593040463,0.0123993221032085,-0.0010413582813189,-0.0012693610283021,6,W000831,-0.428,-0.423,100.0,House,119.0,0.4002739935517912,0.3578199052132701,0.5402843601895735,0.0759458565858448
H6WA07458,"JAYAPAL, PRAMILA",WA,H,7.0,I,1537,25.0,0.3685223814995588,-0.4947487413152627,0.1290134836054172,0.2961318367562591,0.2526576599212,-0.0586203657270589,855.0,-0.0002580002518874,-0.0211237856785095,-0.0046040825722735,0.0001975635275288,0,J000298,-0.607,-0.434,100.0,House,119.0,-0.3685223814995588,0.02132701421800948,0.052132701421800945,-0.32367423858740707
H6WA09025,"SMITH, D. ADAM",WA,H,9.0,I,899,250.0,-0.9912260434801606,0.8386155632951665,0.2415685372946514,0.0746588347135873,-0.18041817061712,-0.1659675629649838,516.0,-0.0013557608998456,0.02745828532879,-0.0041419210425131,0.0101494350430921,1,S000510,-0.291,-0.366,100.0,House,119.0,0.9912260434801606,0.7440758293838863,0.8293838862559242,0.2634211230331329
H8AZ09040,"STANTON, GREG",AZ,H,4.0,I,1033,250.0,-0.4179018373925861,0.293883400977719,0.0244963268071057,0.0690059690643914,-0.8722041818277727,-0.1025141755599214,499.0,-0.0010834142064264,0.0037974873447199,0.0072923923761258,-0.0075092008635393,4,S001211,-0.281,-0.27,100.0,House,119.0,0.4179018373925861,0.7772511848341233,0.5639810426540285,-0.01071018458512396
H8CA01109,"THOMPSON, MIKE MR.",CA,H,4.0,I,1693,250.0,-0.4116258046355888,0.3024860319556028,-0.0244505895087678,-0.0284445129034193,-0.8816330452282359,-0.0852369494917455,408.0,-0.0011859260871906,0.01354572255453,0.0001006786466316,-0.0028762680433036,1,T000460,-0.392,-0.335,100.0,House,119.0,0.4116258046355888,0.476303317535545,0.5497630331753555,0.05425144379890823
H8CA05035,"PELOSI, NANCY",CA,H,11.0,I,2710,25.0,0.296627238284455,-0.3692808264655395,-0.2227401788889393,-0.4602725234118715,0.5405819248391325,-0.0460683187488736,1175.0,-0.0008016266759308,-0.0107702478193303,0.0089838838074402,-0.0130663222617154,0,P000197,-0.489,-0.467,100.0,House,119.0,-0.296627238284455,0.15639810426540285,0.07582938388625593,-0.3355148739038512
H8CA10126,"HARDER, JOSH",CA,H,9.0,I,1602,100.0,-0.1007860653847238,0.0061576586593725,-0.0621952207935246,-0.114593882997627,-0.3245705930514468,-0.0698717386457929,927.0,-0.0007590183172995,0.0001385657118192,0.0055976036822354,-0.0138339306718516,2,H001090,-0.295,-0.229,100.0,House,119.0,0.1007860653847238,0.7393364928909952,0.26540284360189575,-0.2993129961899867
H8CA34266,"GOMEZ, JIMMY",CA,H,34.0,I,456,500.0,-1.1658373904995514,1.0310895955624595,0.1554236903366622,0.3641311899444479,0.1490423044686461,-0.0094427997193231,263.0,-0.0013437133175395,0.0306245553703342,-0.0068115915874848,0.0167258177867568,1,G000585,-0.532,-0.504,100.0,House,119.0,1.1658373904995514,0.07582938388625593,0.8862559241706162,0.4961093647059576
H8CA49058,"LEVIN, MIKE",CA,H,49.0,I,1662,50.0,-0.4115431693872545,0.3047375498929764,0.0017093323611202,-0.0202350092585266,-0.3999619296911179,-0.0967259489189245,801.0,-0.0011273084403797,0.0086785063767251,0.0028592441274826,-0.0062991037401594,2,L000593,-0.323,-0.302,100.0,House,119.0,0.4115431693872545,0.6753554502369669,0.5450236966824644,-0.0028586767921500167
H8CA49074,"JACOBS, SARA",CA,H,51.0,I,311,25.0,0.0212269332549351,-0.1086254708017589,-0.0343519748759136,-0.0394779537721261,-0.1225522667810171,-0.0101706689095538,127.0,-0.0009435347293682,-0.0050048508667923,0.0014863026700528,-0.0073564041170018,2,J000305,-0.419,-0.514,100.0,House,119.0,-0.0212269332549351,0.3862559241706161,0.18009478672985782,-0.2917252574593233
H8CO02160,"NEGUSE, JOSEPH",CO,H,2.0,I,1043,50.0,-0.6840952903240379,0.5815921546527947,-0.0032245642313058,0.0597858223002932,-0.0252458639394914,0.1113871760215627,649.0,-0.0012694048124124,0.0204623199591426,-0.0030878825657397,0.006960031794704,1,N000191,-0.431,-0.475,100.0,House,119.0,0.6840952903240379,0.34360189573459715,0.7061611374407583,0.2455634041297558
H8CO06229,"CROW, JASON",CO,H,6.0,I,1842,25.0,0.0196021659621615,-0.0644985576804591,-0.1297926725620502,-0.2470949749886196,-0.1044505825909195,0.039139936921283,1124.0,-0.0007975115811081,-0.0037913261664466,0.0057749813208983,-0.0140770279641507,7,C001121,-0.361,-0.401,100.0,House,119.0,-0.0196021659621615,0.5687203791469194,0.1848341232227488,-0.3349924730564189
H8CO07045,"PETTERSEN, BRITTANY LOUISE",CO,H,7.0,I,730,25.0,-0.4857925132770369,0.3871591837759433,-0.0926248957071469,-0.1099347273582141,-0.3696939326665654,0.3587313777020123,514.0,-0.0011537630224618,0.0124653828466009,0.0014465414527482,-0.0041632839171067,7,P000620,-0.376,-0.389,100.0,House,119.0,0.4857925132770369,0.5165876777251185,0.5876777251184834,0.08156728657931178
H8CT01046,"LARSON, JOHN B",CT,H,1.0,I,823,500.0,-1.39415476794581,1.257909442098856,0.1356806200308148,0.4987566956952857,0.0970317902165242,-0.0297248446517933,330.0,-0.0014519116051501,0.0345806299069758,-0.0082820742933395,0.0201045148155999,1,L000557,-0.396,-0.379,100.0,House,119.0,1.39415476794581,0.46208530805687204,0.9383886255924171,0.4466178065086961
H8CT04172,"HIMES, JIM",CT,H,4.0,I,267,50.0,-0.2998185679471452,0.207558089113765,-0.0514433311736602,-0.1326635773791426,-0.2968920748782504,-0.0466982922643177,101.0,-0.0012118418986935,0.0155613923540619,-7.407274192695941e-05,-0.001098390304473,1,H001047,-0.241,-0.224,100.0,House,119.0,0.2998185679471452,0.8507109004739336,0.43601895734597157,-0.1579995830722663
H8CT05245,"HAYES, JAHANA",CT,H,5.0,I,538,25.0,-0.2521361995555287,0.162553367209369,-0.0430067840816466,-0.1130205476077591,-0.5307735486432237,-0.0674442151493344,372.0,-0.0011131137067722,0.0049144885504826,0.0053859352073138,-0.0135494814979664,2,H001081,-0.341,-0.373,100.0,House,119.0,0.2521361995555287,0.6208530805687204,0.3933649289099526,-0.14017782510921134
H8GA06393,"MCBATH, LUCIA KAY MS.",GA,H,6.0,I,411,25.0,-1.0751786842258149,0.9921805824705217,0.0785750750550276,0.3194998212489412,0.5265791368536468,0.0658605956409601,300.0,-0.0013917518705507,0.0361750334163292,-0.0100785635309199,0.0247796673431972,1,M001208,-0.371,-0.423,100.0,House,119.0,1.0751786842258149,0.5379146919431279,0.8530805687203792,0.3413589747421183
H8IL04134,"GARCIA, JESUS",IL,H,4.0,I,171,250.0,-0.1123367476776837,-0.0643961615019463,0.8956349431675611,2.38719720064803,0.1423885973497416,0.2338132495880327,54.0,-0.0011591853439395,-0.0103012929046134,-0.0427822836887868,0.0752024356125433,5,G000586,-0.439,-0.448,100.0,House,119.0,0.1123367476776837,0.3080568720379147,0.27488151658767773,-0.1763642909915092
H8IL06139,"CASTEN, SEAN",IL,H,6.0,I,885,25.0,-0.5610371527245055,0.4647744090041774,0.0197499750835397,0.2532469151027561,-0.0539776632300376,0.4348596725417534,497.0,-0.0011831585735174,0.0084098846485682,-0.0023994703332338,0.0050722356705874,5,C001117,-0.625,-0.523,100.0,House,119.0,0.5610371527245055,0.014218009478672985,0.6540284360189573,0.28009188115611244
H8IL09067,"SCHAKOWSKY, JANICE D",IL,H,9.0,I,220,400.0,-0.5799955496347122,0.4697880585301929,0.1257553336231602,0.4688241867207599,0.1983730979010373,0.1785925687378059,89.0,-0.0011780547800269,0.0114239287852096,-0.0109144395495547,0.0207264478246635,5,S001145,-0.602,-0.624,100.0,House,119.0,0.5799955496347122,0.03317535545023697,0.6635071090047393,0.2845828604182595
H8IL14067,"FOSTER, G. WILLIAM (BILL)",IL,H,11.0,I,829,100.0,-0.3852234180880607,0.2834178230676154,-0.0029013543246124,0.1441031138859466,-0.0862528773363662,0.1991686020998137,491.0,-0.0011322327827033,0.0046432915597235,-0.0011162280949553,0.0014906185207455,5,F000454,-0.238,-0.3,100.0,House,119.0,0.3852234180880607,0.8720379146919431,0.5308056872037915,-0.06882400865353577
H8IL14174,"UNDERWOOD, LAUREN",IL,H,14.0,I,1276,25.0,-0.2396776373330123,0.1984133042266281,0.041567044958086,0.1753776882344712,-0.2070115223865552,0.1548047206439665,740.0,-0.0010513406191917,0.001848452854075,-0.0020245737311326,0.0009580834564281,5,U000040,-0.597,-0.547,100.0,House,119.0,0.2396776373330123,0.037914691943127965,0.3886255924170616,0.008454420399673035
H8IN07184,"CARSON, ANDRE",IN,H,7.0,I,358,500.0,0.753812952622237,-0.8718122791417626,1.231015478002364,3.199501231635409,-0.1924613973765488,0.0275414889159059,62.0,-0.0008423499596643,-0.0413291222187068,-0.0371841764621887,0.0532674489296287,3,C001072,-0.434,-0.379,100.0,House,119.0,-0.753812952622237,0.31990521327014215,0.018957345971563982,-0.4354057701848948
H8KS03155,"DAVIDS, SHARICE",KS,H,3.0,I,2310,25.0,0.2694665823203847,0.1525053969475387,-0.1994340289332448,-0.3201077876021431,-1.6861742777919193,6.37369935863642,983.0,-0.0009441088401413,-0.0033366051902349,0.0113226202962468,-0.0118931994354784,9,D000629,-0.265,-0.227,100.0,House,119.0,-0.2694665823203847,0.8104265402843602,0.08530805687203792,-0.4981116343834757
H8MA02041,"NEAL, RICHARD E",MA,H,1.0,I,380,1000.0,-0.8187681915466503,0.7061852168210482,0.0376705791183431,0.1042830345705194,-0.487520935216849,-0.1672086769109703,148.0,-0.0013177690697108,0.0270229809415167,-0.0037097916619799,0.0077727513610484,1,N000015,-0.417,-0.419,100.0,House,119.0,0.8187681915466503,0.3933649289099526,0.7582938388625592,0.2846034095270149
H8MA03106,"TRAHAN, LORI",MA,H,3.0,I,427,500.0,-0.5480549656293121,0.4980666265027256,0.0618723910956351,0.0820752634330498,-0.8528228934309916,-0.2663418682810889,149.0,-0.001141028316472,0.01664726234223,-0.001219540567959,0.0003582877945617,1,T000482,-0.416,-0.405,100.0,House,119.0,0.5480549656293121,0.4004739336492891,0.6350710900473934,0.15951027556548597
H8MA07032,"PRESSLEY, AYANNA",MA,H,7.0,I,883,25.0,0.6132972243512193,-0.5625193138570426,0.4933803323162184,1.224819347438275,-0.0366707125136297,-0.0935538936569323,466.0,-0.0004772568963613,-0.0354103817404342,-0.0163243514723194,0.0191503295034862,3,P000617,-0.375,-0.444,100.0,House,119.0,-0.6132972243512193,0.5213270142180095,0.02843601895734597,-0.4789213430127343
H8ME01120,"PINGREE, CHELLIE M",ME,H,1.0,I,159,100.0,0.1855577217495626,-0.2540080538365011,-0.0814586336433626,-0.1164099302784049,0.121422177331533,-0.0656014001212375,53.0,-0.0009119153642256,-0.0088346073499113,0.0051263434610543,-0.0163010416260805,0,P000597,-0.421,-0.479,100.0,House,119.0,-0.1855577217495626,0.3767772511848341,0.10426540284360189,-0.36506079448376183
H8ME02185,"GOLDEN, JARED",ME,H,2.0,I,1115,200.0,-0.5586418403822418,0.444223032690819,-0.0597836083635038,0.0092476673307896,-0.0958345332387819,-0.0530831685162396,864.0,-0.0012105606331534,0.0120237889754028,0.0033273369153778,-0.0071203566993036,2,G000592,-0.106,-0.127,100.0,House,119.0,0.5586418403822418,0.995260663507109,0.6492890995260664,0.0172393944651118
H8MI11254,"STEVENS, HALEY",MI,H,11.0,I,459,1000.0,-1.3963295568962324,1.2590459690586902,0.1516244924595383,0.6127170617947935,0.6054437000604969,0.0838501243533839,318.0,-0.001436143958787,0.0382318612719572,-0.0114518722551601,0.0279515609024729,1,S001215,-0.361,-0.327,100.0,House,119.0,1.3963295568962324,0.5687203791469194,0.943127962085308,0.4233013658061403
H8MI13250,"TLAIB, RASHIDA",MI,H,12.0,I,2083,20.0,1.0407990648617742,-1.3390465013881212,1.1000948069911425,2.9299832143315307,0.2667760084362976,0.0158104347419028,987.0,-0.0004205490055886,-0.0633055780413469,-0.0341864574123972,0.0450095967381984,3,T000481,-0.29,-0.433,100.0,House,119.0,-1.0407990648617742,0.7511848341232228,0.004739336492890996,-0.5630938118762633
H8NJ03073,"PALLONE, FRANK JR",NJ,H,6.0,I,442,500.0,-0.9154808936492604,0.7877055823380541,0.1096500421444906,0.201326010456046,-0.3394473107141196,-0.1097328031550702,188.0,-0.0013917323301657,0.0276213084489746,-0.0059724634811218,0.0121236565369373,1,P000034,-0.403,-0.506,100.0,House,119.0,0.9154808936492604,0.43364928909952605,0.8056872037914692,0.3213979252932006
H8NV03036,"TITUS, DINA",NV,H,1.0,I,424,250.0,-0.7011237484507444,0.6077730866364661,0.1795070699219388,-0.0078801284761773,-0.315534126270879,-0.0550140276751598,207.0,-0.0012489933571388,0.0146370542100458,0.0031454704090469,-0.0074603852797786,2,T000468,-0.296,-0.273,100.0,House,119.0,0.7011237484507444,0.7322274881516587,0.7109004739336493,0.14805501928813003
H8NY06048,"MEEKS, GREGORY W.",NY,H,5.0,I,325,1000.0,-1.4859993518588088,1.343575809369254,0.2497979068935022,0.503901055617069,0.2688300633433931,-0.0339625297841666,240.0,-0.0014624409222781,0.0378773335781389,-0.0108845965093431,0.026101456308961,1,M001137,-0.415,-0.404,100.0,House,119.0,1.4859993518588088,0.4075829383886256,0.95260663507109,0.4751754354428195
H8NY15148,"OCASIO-CORTEZ, ALEXANDRIA",NY,H,14.0,I,31016,20.0,0.4966309823946332,-0.5478271596125429,-0.0590466891071658,-0.1052834315852109,0.4836700497572201,-0.0355831367252562,10930.0,-4.998776330766188e-05,-0.0231121469655821,0.0026496389230193,-0.0080917118280519,0,O000172,-0.333,-0.464,100.0,House,119.0,-0.4966309823946332,0.6469194312796208,0.04265402843601896,-0.497746804453143
H8NY19223,"RYAN, PATRICK",NY,H,18.0,I,1611,50.0,-0.5291804168054969,0.4225562504775822,-0.0158149856198713,0.0400417531813076,-0.4093805318756665,-0.1012451005666084,906.0,-0.0010673646933662,0.010285111311132,0.0023587584254229,-0.0047036173862159,1,R000579,-0.225,-0.194,100.0,House,119.0,0.5291804168054969,0.919431279620853,0.6255924170616114,0.013493486895196694
H8NY21203,"TONKO, PAUL DAVID",NY,H,20.0,I,414,100.0,-0.2154201935616946,0.1166707047954224,-0.0745717764490643,-0.109296434597291,-0.1878788908408919,-0.0650716743153446,64.0,-0.0011753520541745,0.0137789314614806,0.0001805431591167,-0.0008227355613588,1,T000469,-0.416,-0.458,100.0,House,119.0,0.2154201935616946,0.4004739336492891,0.3412322274881517,-0.13432858699375572
H8NY22177,"RILEY, JOSH",NY,H,19.0,I,2201,50.0,-0.3089487122952543,0.250513134963321,-0.0597924750459564,-0.0445877427349902,-0.3891254318864371,-0.1029839080094487,1389.0,-0.0011245478564846,0.0054945934917571,0.0046339018774483,-0.0101689201657803,2,R000622,-0.202,-0.203,100.0,House,119.0,0.3089487122952543,0.9620853080568721,0.4549763033175355,-0.1683449377270579
H8NY25105,"MORELLE, JOSEPH D",NY,H,25.0,I,591,250.0,-1.103102691284207,0.972974293054394,0.1933656249968664,0.25863865066891,-0.4406678906489556,-0.0838928115035908,219.0,-0.0013496801350184,0.0264679177252292,0.0002551400703661,0.014415321921361,1,M001206,-0.331,-0.312,100.0,House,119.0,1.103102691284207,0.6540284360189573,0.8625592417061612,0.320288023670636
H8PA04116,"DEAN, MADELEINE",PA,H,4.0,I,528,50.0,-0.1544324269109231,0.1163274732509316,-0.0212638685879545,-0.0323206139371898,-0.8272454699538241,-0.2301233875349138,240.0,-0.0011585764689212,0.0058640778485008,0.0028174773416224,-0.0097331433729738,6,D000631,-0.436,-0.442,100.0,House,119.0,0.1544324269109231,0.3127962085308057,0.2890995260663507,-0.16339320494374499
H8PA06087,"HOULAHAN, CHRISSY",PA,H,6.0,I,648,50.0,-0.2562607723748004,0.2562256253594843,-0.050994065816886,-0.0930811611910489,-0.7184099156461933,-0.1935983538801644,322.0,-0.0011798650828368,0.0095574232537872,0.0030121915518237,-0.0086293712773409,6,H001085,-0.258,-0.246,100.0,House,119.0,0.2562607723748004,0.8293838862559242,0.4075829383886256,-0.180824446590523
H8PA07200,"SCANLON, MARY GAY",PA,H,5.0,I,562,100.0,-0.0652908464205633,0.2610121702309363,-0.0200420359840833,-0.146219955489927,-1.2595572517739215,-0.4044549875681336,210.0,-0.001177541359786,0.0059637087953512,0.0049903279382985,-0.0145710645534977,6,S001205,-0.46,-0.552,100.0,House,119.0,0.0652908464205633,0.21800947867298578,0.2559241706161137,-0.17163009177580707
H8TX07140,"FLETCHER, ELIZABETH",TX,H,7.0,I,210,50.0,-0.3062109312012149,0.2236129158711134,-0.0749086796522394,-0.0922774824807238,-0.0935118067470892,-0.0286958616379348,102.0,-0.0010920589437159,0.0148706667514088,-0.001034301784137,0.0005313791065884,1,F000468,-0.546,-0.819,100.0,House,119.0,0.3062109312012149,0.061611374407582936,0.44549763033175355,0.059091841159821246
H8TX16109,"ESCOBAR, VERONICA",TX,H,16.0,I,291,200.0,-0.2236630602199389,0.1361035592295932,-0.0236849983565839,-0.013163595841975,-0.2945714755358766,-0.0660291539215628,103.0,-0.0009756784225483,0.0077469459311525,-0.0012608353551326,-0.0007578597528271,1,E000299,-0.466,-0.398,100.0,House,119.0,0.2236630602199389,0.2037914691943128,0.36018957345971564,-0.06362391863947892
H8TX29052,"GARCIA, SYLVIA R",TX,H,29.0,I,209,500.0,-0.032239283884531,-0.0315411760649773,-0.0014646556209355,0.0291608700330285,-0.031978659657036,0.001522032957074,74.0,0.0002251309579503,0.002450318738162,-0.0034312942023445,0.0012700730705625,3,G000587,-0.764,-0.683,100.0,House,119.0,0.032239283884531,0.004739336492890996,0.22748815165876776,-0.14395455634225965
H8WA08189,"SCHRIER, KIM DR.",WA,H,8.0,I,1589,50.0,-0.2062407675331546,0.0715652831711588,-0.0392399063630682,-0.2956712451409102,-0.087208467399115,-0.0812201743248326,721.0,6.100762584480645e-05,0.0082628802187041,0.0032295625133712,-0.0075271903541939,1,S001216,-0.275,-0.232,100.0,House,119.0,0.2062407675331546,0.7867298578199052,0.3175355450236967,-0.2596495290772732
S0CO00575,"HICKENLOOPER, JOHN W.",CO,S,0.0,I,4064,25.0,-0.2745580791739954,0.2077304066571958,-0.098023269747056,-0.1584482841134295,-0.0067513613704798,0.0248290760827708,2523.0,-0.0009788249445759,0.0079374194890553,0.0018605579164577,-0.0049356147507508,7,H000273,-0.299,-0.318,100.0,Senate,119.0,0.2745580791739954,0.7203791469194313,0.41706161137440756,-0.14266653469383994
S0DE00092,"COONS, CHRISTOPHER A.",DE,S,0.0,I,1202,50.0,-0.9749791221238604,0.8493262279807445,0.1154762744481583,0.160306359951925,-0.1002379568569891,-0.0703226818807352,810.0,-0.0013665794949375,0.0280677274684894,-0.0051682659695561,0.0127341324733463,1,C001088,-0.24,-0.262,100.0,Senate,119.0,0.9749791221238604,0.8601895734597157,0.8246445497630331,0.22813216248297774
S0NH00219,"SHAHEEN, JEANNE",NH,S,0.0,I,339,15.0,-0.0253300380136535,-0.0706239854700024,-0.0668886689689493,-0.2167633854914882,-0.0705568281482603,-0.1349875929804065,138.0,-0.0010449509556781,-0.0015133817331198,0.0006664152528676,-0.0060966646232188,0,S001181,-0.216,-0.162,100.0,Senate,119.0,0.0253300380136535,0.9312796208530806,0.21800947867298578,-0.39720676007070077
S0NM00058,"LUJAN, BEN RAY",NM,S,0.0,I,2333,10.0,-0.0281638142414018,-0.0597962462686791,-0.1288790724451499,-0.2967341306148947,0.032699359103724,-0.0390363008823288,1457.0,-0.0002874011326178,0.0030234057868375,0.0025219000401616,-0.0076244950118394,0,L000570,-0.38,-0.471,100.0,Senate,119.0,0.0281638142414018,0.5023696682464455,0.22274881516587677,-0.2796208530805686
S4MA00028,"MARKEY, EDWARD SEN.",MA,S,0.0,I,2098,25.0,0.0923778619697135,-0.1681893903924831,-0.0592827474109404,-0.0649305895761759,-0.0930037118968337,-0.1240638768438933,1098.0,-0.0008044214374297,-0.0061440220936299,0.001226883601443,-0.0078126363163021,6,M000133,-0.518,-0.751,100.0,Senate,119.0,-0.0923778619697135,0.11374407582938388,0.15639810426540285,-0.24372384264652563
S4MI00355,"PETERS, GARY",MI,S,0.0,I,395,10.0,0.109251794832686,-0.2140309122997344,-0.0730911666088828,-0.0775447973729276,0.2598785781319637,-0.0430714138982981,77.0,-0.0009179345725282,-0.0070606594708987,0.0005346087903298,-0.0057182307676883,0,P000595,-0.252,-0.282,100.0,Senate,119.0,-0.109251794832686,0.8341232227488151,0.14218009478672985,-0.4474742136233274
S4NJ00185,"BOOKER, CORY A.",NJ,S,0.0,I,12996,25.0,0.1056912663382645,-0.1752747373285049,-0.170990260835954,-0.3287097415202552,0.3834111922633821,-0.0070512316014905,7041.0,-0.0007637100353101,-0.0018036510528354,0.0034299608219946,-0.0076187166931562,0,B001288,-0.556,-0.494,100.0,Senate,119.0,-0.1056912663382645,0.052132701421800945,0.14691943127962084,-0.23699251103049399
S6IL00151,"DURBIN, RICHARD J.",IL,S,0.0,I,262,10.0,-0.0639187206827179,-0.0367429879319987,-0.067015533886077,-0.0233199110604378,0.4095049702992245,0.0875627390518815,60.0,-0.0010521484595387,-0.000489049886153,-0.0059316629163304,0.0099330935056882,5,D000563,-0.338,-0.255,100.0,Senate,119.0,0.0639187206827179,0.6350710900473934,0.25118483412322273,-0.28609869018866735
S6IL00474,"KELLY, ROBIN",IL,S,,O,821,250.0,-0.7915818923619554,0.7806051168482596,0.3742908329175224,1.139089545940564,0.4516840614070926,0.2500767265438846,309.0,0.0002080075405675,0.0064944897468778,-0.0124022088952859,0.0306705921932579,5,K000385,-0.474,-0.493,100.0,House,119.0,0.7915818923619554,0.1895734597156398,0.7393364928909952,0.3192637710845269
S6IL00482,"KRISHNAMOORTHI, S",IL,S,,O,4713,500.0,-0.8593067229843846,0.7150734710163593,0.3611663482558989,0.8380874323073783,0.3156496793624485,0.5320970222319443,1754.0,-0.0010565418289376,0.0129833164965728,-0.0107681407626785,0.0216151253872598,5,K000391,-0.349,-0.463,100.0,House,119.0,0.8593067229843846,0.5971563981042654,0.7725118483412322,0.24520371147661202
S6MA00296,"MOULTON, SETH",MA,S,0.0,C,2991,500.0,-0.351878436871574,0.2955576519596633,-0.0117104858958678,-0.0232621152416544,-0.7914328782294345,-0.3040694513836959,1196.0,-0.0009418500043491,0.003718594280139,0.0027665043293717,-0.0081980910868691,6,M001196,-0.286,-0.301,100.0,House,119.0,0.351878436871574,0.7677725118483413,0.4881516587677725,-0.08404572160956242
S6MI00426,"STEVENS, HALEY",MI,S,0.0,O,5437,25.0,-1.2410341020378262,1.1200586280658376,0.1105924281876233,0.460948250569916,0.6745324496801542,0.0736942039645985,3731.0,-0.0012206333168075,0.0295335548027207,-0.0075510917814319,0.0197189711297379,1,S001215,-0.361,-0.327,100.0,House,119.0,1.2410341020378262,0.5687203791469194,0.909952606635071,0.39012601035590333
S6MN00499,"CRAIG, ANGIE",MN,S,0.0,O,6358,40.0,-1.032197743266835,0.9199566735194772,0.0373872074451756,0.2934663391231064,0.6986796719861811,0.0960716899847387,3693.0,-0.0008179405072727,0.0257803265724526,-0.0054368630978335,0.0151575592039226,1,C001119,-0.273,-0.278,100.0,House,119.0,1.032197743266835,0.7938388625592417,0.8388625592417062,0.2598070999943731
S6NH00141,"PAPPAS, CHRIS",NH,S,0.0,O,9441,25.0,-0.0496597989649189,-0.0138666343320864,-0.1093412421627976,-0.2567877465364573,0.0506805837679915,-0.0732120126431285,6450.0,-0.0009419431838456,0.0002870114253612,0.0042848054819139,-0.0094725885107607,0,P000614,-0.233,-0.212,100.0,House,119.0,0.0496597989649189,0.8909952606635071,0.23696682464454977,-0.36765056493641246
S6RI00163,"REED, JOHN F.",RI,S,0.0,I,1268,600.0,-1.1898958938519708,1.1317636244867575,0.3104234705818682,0.2470588949437696,-4.85427257786783,-1.64316922347514,720.0,-0.0013649707050442,0.026200119585695,-0.0041520837618015,0.0095870831961097,1,R000122,-0.36,-0.306,100.0,Senate,119.0,1.1898958938519708,0.5781990521327014,0.9004739336492891,0.3781534905083038
S6TX00552,"CROCKETT, JASMINE",TX,S,0.0,C,3861,25.0,0.5368826962522429,-0.4997353884559227,-0.1431639007465354,-0.2713882600763604,0.7191938375704978,-0.0329344339137877,2503.0,0.0002837826729957,-0.0205438585422746,0.0028852356014955,-0.0094259764523641,0,C001130,-0.495,-0.482,100.0,House,119.0,-0.5368826962522429,0.14454976303317535,0.03317535545023697,-0.37505159376259833
S6VA00093,"WARNER, MARK ROBERT",VA,S,0.0,I,7808,25.0,-0.1849067956022367,0.0881759149190342,-0.1431889855287869,-0.2852184404599456,-0.0122986818915614,-0.0608028954977734,3853.0,-0.0009427663842248,0.0074566970004807,0.0021360835801792,-0.0057790686427167,0,W000805,-0.216,-0.251,100.0,Senate,119.0,0.1849067956022367,0.9312796208530806,0.2938388625592417,-0.3213773761844449
S8GA00180,"OSSOFF, T. JONATHAN",GA,S,0.0,I,67956,25.0,0.3250822754211149,-0.3676263436296308,-0.1980871627344471,-0.4314008757552533,0.3414938013724077,-0.0445909559905771,30803.0,-0.0003478467059013,-0.0125418807590257,0.0084293780630556,-0.0167888667489787,0,O000174,-0.464,-0.522,100.0,Senate,119.0,-0.3250822754211149,0.2132701421800948,0.06635071090047394,-0.3599566280605381
S8MN00578,"SMITH, TINA",MN,S,0.0,I,270,10.0,0.1092870384368111,-0.220001929205278,-0.0704198420880065,-0.0449330522122715,0.2470206333195311,-0.0072076439901366,39.0,-0.0010809621849926,0.0019815585150311,-3.2819046235469126e-05,-0.0033375946818644,0,S001203,-0.408,-0.445,100.0,Senate,119.0,-0.1092870384368111,0.4265402843601896,0.13744075829383887,-0.3449781350580666
S8OR00207,"MERKLEY, JEFFREY ALAN",OR,S,0.0,I,4600,15.0,0.1718801058596286,-0.2717795998304012,-0.1191531972369292,-0.3124980657591518,0.1499518471728297,-0.0720489324876874,1523.0,-0.001036658050505,-0.0029889191332467,0.0040018139974754,-0.0127811628970127,2,M001176,-0.453,-0.5,100.0,Senate,119.0,-0.1718801058596286,0.2559241706161137,0.11374407582938388,-0.32378557400980684
