vote,chamber,date,industry,n,pro_share,n_money,pro_if_money,pro_if_none,ame_pp,p,placebo_oil_gas_auto_pp,placebo_oil_gas_auto_p,placebo_defense_pp,placebo_defense_p,placebo_pro_israel_pp,placebo_pro_israel_p,post_coef,post_p,post_med_pro,post_med_anti,placebo_crypto_pp,placebo_crypto_p
CLARITY Act (crypto market structure),H,2025-07-17,crypto,212,0.36792452830188677,41,0.6585365853658537,0.2982456140350877,13.666424057375249,0.008921225104920575,4.505189275289043,0.29094274533728803,-12.293489802054983,0.04343426276680961,16.622130702604096,0.003724378795772067,1.9888073629755898,4.93152388392965e-11,6000.0,0.0,,
GENIUS Act (stablecoins),H,2025-07-17,crypto,212,0.4811320754716981,41,0.8292682926829268,0.39766081871345027,31.487070429788254,0.0019066810281086336,9.142920577285517,0.04934847435405005,0.5466281712989659,0.9319953769822675,26.174680716008453,0.00025204449669262956,1.2882730375779312,4.321123819844349e-06,2625.0,0.0,,
Repeal IRS crypto-broker reporting rule,H,2025-03-11,crypto,208,0.36538461538461536,9,0.6666666666666666,0.35175879396984927,15.892833630026832,0.2104627155286235,1.4980435600518789,0.7840135962268351,-6.877611872480911,0.24317114471010892,20.318172707437824,0.007876346495331829,1.6493740198796654,1.1193622909719349e-08,6000.0,0.0,,
"GENIUS Act, Senate passage",S,2025-06-17,crypto,44,0.4090909090909091,5,0.8,0.358974358974359,31.21567267661296,0.22328613992038626,19.718574996481905,0.18493876018757494,3.5452176155438684,0.7321303494727501,26.76614696530622,0.256014615435061,0.7785397032521658,0.010140908719974978,0.0,0.0,,
"Repeal IRS crypto-broker rule, Senate",S,2025-03-04,crypto,44,0.4090909090909091,2,1.0,0.38095238095238093,61.87937395774168,0.9998827241860941,14.182495661661429,0.5281772994162044,11.157420873550818,0.40563703015648134,48.94429310614585,0.1904467972678141,0.8370212940252479,0.009349609896195604,0.0,0.0,,
Revoke California EV waiver,H,2025-05-01,oil_gas_auto,199,0.17587939698492464,88,0.2727272727272727,0.09900990099009901,12.75707486672609,0.0025282058298856567,,,5.249585149315257,0.22030838206665648,1.719022239877407,0.678970247940352,0.6861856359426085,7.546599127497111e-05,12000.0,3750.0,-8.198282654491338,0.12409976965188942
Confirm Chris Wright (Energy Sec.),S,2025-02-03,oil_gas_auto,44,0.1590909090909091,2,0.0,0.14634146341463414,-13.936660640958928,0.9965470668893025,,,-4.790390240433671,0.21095883271669014,-15.930847892483005,0.9999535678818353,0.01911523924475106,0.9766857029227474,1000.0,0.0,,
"FY26 NDAA, House passage",H,2025-09-10,defense,209,0.08133971291866028,158,0.10759493670886076,0.0,-1.0696843630878132,0.771520431116728,5.275670027884131,0.03773367734556383,,,-0.3054426424795475,0.9112372435170483,0.5099239679538197,0.003016448508255875,20000.0,7290.0,1.9226201297425785,0.22726461592128178
"FY26 NDAA, Senate passage",S,2025-10-09,defense,44,0.5909090909090909,22,0.5909090909090909,0.5789473684210527,12.873831476866322,0.16873162310453005,8.52283779795966,0.5877084837835823,,,17.728217781175733,0.3384809068519442,-0.10016346098442358,0.7940172602311557,794.0,395.0,27.71225515833994,0.19435477209847485
Block Israel arms sale (Apr 2025),S,2025-04-03,pro_israel,43,0.6744186046511628,6,0.8333333333333334,0.6486486486486487,22.11897633019316,0.17055180159075534,12.433873741436416,0.29299613679554637,5.7507661407853305,0.6301013419315928,,,0.5466506827097801,0.15192112645365966,0.0,0.0,36.27896640994566,0.9996722428393443
Block Israel arms sale (Jul 2025),S,2025-07-30,pro_israel,42,0.47619047619047616,8,0.875,0.3939393939393939,53.51849722115636,0.09885078705422659,9.548753664514987,0.5318622201454323,11.005927993991548,0.3456838488282554,,,0.26376039364091486,0.5613060627888542,0.0,0.0,45.00685475366517,0.09939429336834996
Block Israel arms export (Jul 2025),S,2025-07-30,pro_israel,42,0.40476190476190477,8,0.625,0.36363636363636365,50.302331748249884,0.058119352378684846,3.4833540564523204,0.8079509207633984,2.1938502312337134,0.8358320141669622,,,-0.3157567407658618,0.40206435351983516,0.0,0.0,46.22468561438476,0.080381045746962
Block Israel arms sale (Apr 2026),S,2026-04-15,pro_israel,45,0.24444444444444444,10,0.5,0.17647058823529413,21.014690843111534,0.08000113909459598,9.027893177906538,0.43047284859990187,17.598335681364556,0.07344378901329271,,,0.2894635884509149,0.4456198362744177,0.0,0.0,7.88671646498669,0.6163975920642244
