county_fips,county_name,votes_trump,votes_harris,votes_other,total_votes
39001,Adams,10269,2098,62,12429
39003,Allen,33201,12754,406,46361
39005,Ashland,19863,6544,255,26662
39007,Ashtabula,27656,15345,367,43368
39009,Athens,11369,14134,223,25726
39011,Auglaize,20988,4442,193,25623
39013,Belmont,22758,8080,194,31032
39015,Brown,17257,4069,116,21442
39017,Butler,114831,66713,1598,183142
39019,Carroll,10634,3071,113,13818
39021,Champaign,15334,4944,190,20468
39023,Clark,40403,21847,585,62835
39025,Clermont,76964,36130,1021,114115
39027,Clinton,15984,4633,162,20779
39029,Columbiana,35607,12064,375,48046
39031,Coshocton,12362,3835,136,16333
39033,Crawford,15402,4683,156,20241
39035,Cuyahoga,195164,376384,4342,575890
39037,Darke,22234,4583,183,27000
39039,Defiance,13302,5667,184,19153
39041,Delaware,70448,61657,1252,133357
39043,Erie,22493,16871,373,39737
39045,Fairfield,51999,31695,737,84431
39047,Fayette,9706,2773,92,12571
39049,Franklin,210830,380518,6182,597530
39051,Fulton,15893,6374,185,22452
39053,Gallia,10314,2592,94,13000
39055,Geauga,33844,20604,438,54886
39057,Greene,53399,35575,1057,90031
39059,Guernsey,13314,4154,126,17594
39061,Hamilton,172365,233360,4028,409753
39063,Hancock,26052,11467,418,37937
39065,Hardin,9911,2863,119,12893
39067,Harrison,5484,1559,66,7109
39069,Henry,10873,3905,133,14911
39071,Highland,16269,3609,106,19984
39073,Hocking,9679,3704,106,13489
39075,Holmes,10384,1854,97,12335
39077,Huron,19484,7496,232,27212
39079,Jackson,11249,2953,83,14285
39081,Jefferson,22317,8592,348,31257
39083,Knox,23112,8698,280,32090
39085,Lake,72924,54484,1127,128535
39087,Lawrence,20013,6514,185,26712
39089,Licking,61359,32832,854,95045
39091,Logan,18182,5027,194,23403
39093,Lorain,83297,74207,1455,158959
39095,Lucas,82398,106320,1807,190525
39097,Madison,14737,5713,218,20668
39099,Mahoning,61249,50636,793,112678
39101,Marion,19219,7902,234,27355
39103,Medina,66308,39771,938,107017
39105,Meigs,8127,2202,71,10400
39107,Mercer,19710,3865,175,23750
39109,Miami,42677,15969,530,59176
39111,Monroe,5396,1336,62,6794
39113,Montgomery,125566,126767,2382,254715
39115,Morgan,5168,1560,54,6782
39117,Morrow,14609,4100,146,18855
39119,Muskingum,28147,10874,306,39327
39121,Noble,5050,1069,42,6161
39123,Ottawa,14872,8866,218,23956
39125,Paulding,7203,1987,86,9276
39127,Perry,13062,3800,129,16991
39129,Pickaway,21607,7397,271,29275
39131,Pike,9352,2793,73,12218
39133,Portage,47681,34759,741,83181
39135,Preble,17146,4343,164,21653
39137,Putnam,16576,2996,182,19754
39139,Richland,41298,16591,469,58358
39141,Ross,22801,9846,283,32930
39143,Sandusky,19311,10139,263,29713
39145,Scioto,22978,8021,180,31179
39147,Seneca,17241,7765,256,25262
39149,Shelby,20740,4350,198,25288
39151,Stark,111478,71090,1590,184158
39153,Summit,125910,145005,2498,273413
39155,Trumbull,55983,39758,773,96514
39157,Tuscarawas,30652,12032,335,43019
39159,Union,23982,12934,372,37288
39161,Van Wert,11616,3000,113,14729
39163,Vinton,4531,1169,37,5737
39165,Warren,91132,47128,1333,139593
39167,Washington,22161,8600,239,31000
39169,Wayne,36764,15898,478,53140
39171,Williams,13461,4644,169,18274
39173,Wood,36877,30016,672,67565
39175,Wyandot,8564,2731,94,11389
