text,likes
"I think that I shall never see a poem lovely as a tree",120
"my therapist said I need to stop catastrophizing. anyway the world is ending tomorrow",5400
"Nobody: / Me at 3am: researching the history of spoons",2300
"Thread on Q3 earnings guidance revisions https://example.com/a",14
"if you can't handle me at my worst, you don't deserve me at my best",8800
"just realized the moon is a big rock that follows us around. unsettling",3100
"new blog post on database index tuning for postgres",9
"some days you eat the bear. some days the bear eats you. today the bear ordered takeout",6200
"I wandered through the city late at night. the coffee shop was closed but that's alright",450
