CAND,n,tot,NAME,ST,OFF,DIST,ICI,STATUS,instate_share,median_gift,cluster,corporate,labor,membership,other/ideological,trade,pac_total,pac_share_of_receipts,ie_support
H0IN01150,860,1056832,"MRVAN, FRANK J.",IN,H,1.0,I,C,0.6069767441860465,50.0,1,336500.0,201500.0,81044.0,375282.0,97500.0,1091826.0,0.5081432224206923,53.0
H0MA04192,1038,2235492,"AUCHINCLOSS, JAKE",MA,H,4.0,I,C,0.4518304431599229,1000.0,2,363250.0,61000.0,134994.0,75500.0,151000.0,785744.0,0.26007369169439265,189524.0
H0MI03316,1186,1363803,"SCHOLTEN, HILLARY",MI,H,3.0,I,C,0.6964586846543002,50.0,1,237200.0,159500.0,99374.0,158750.0,139500.0,794324.0,0.36806174984141343,143.0
H0NC02125,825,892002,"ROSS, DEBORAH",NC,H,2.0,I,C,0.7187878787878788,100.0,5,352000.0,130000.0,104550.0,55600.0,86750.0,728900.0,0.44968788982924324,10.0
H0NM03102,601,713850,"LEGER FERNANDEZ, TERESA",NM,H,3.0,I,C,0.757071547420965,33.0,0,37500.0,67000.0,24500.0,85250.0,24100.0,238350.0,0.25031505986137365,10.0
H0NY15160,1382,2174472,"TORRES, RITCHIE JOHN",NY,H,15.0,I,C,0.3408104196816208,500.0,2,333500.0,55500.0,80494.0,167050.0,122000.0,758544.0,0.2586225237093831,3789377.0
H0WA02080,802,700057,"LARSEN, RICK",WA,H,2.0,I,C,0.726932668329177,250.0,6,657050.0,217500.0,51050.0,70825.0,300000.0,1296425.0,0.6493547149435858,10.0
H0WA08046,1315,939901,"DELBENE, SUZAN K",WA,H,1.0,I,C,0.6790874524714829,25.0,6,840250.0,143500.0,151544.0,140000.0,324499.0,1599793.0,0.6299156512556237,113130.0
H0WA10034,691,743982,"STRICKLAND, MARILYN",WA,H,10.0,I,C,0.7713458755426917,250.0,6,428699.0,85500.0,57494.0,64207.0,128500.0,764400.0,0.5067681794134377,391142.0
H2CA13115,1381,1900168,"GRAY, ADAM C.",CA,H,13.0,I,C,0.5314989138305576,100.0,1,387129.0,154500.0,77494.0,479436.0,277000.0,1375559.0,0.4199247983730024,4669.0
H2CA15094,839,1180806,"SWALWELL, ERIC MICHAEL",CA,H,14.0,I,C,0.5816448152562574,50.0,0,72000.0,38000.0,9494.0,27000.0,26000.0,172494.0,0.1274617601418754,0.0
H2CA31125,1057,1581847,"AGUILAR, PETE",CA,H,33.0,I,C,0.3982970671712393,50.0,2,1302250.0,191000.0,164794.0,179531.0,424249.0,2261824.0,0.5884541106665997,209.0
H2CA36439,607,921386,"RUIZ, RAUL DR.",CA,H,25.0,I,C,0.7034596375617792,50.0,2,349750.0,86500.0,181994.0,226355.0,182500.0,1027099.0,0.5271269730072339,185.0
H2CA47188,1231,819172,"GARCIA, ROBERT",CA,H,42.0,I,C,0.6263200649878148,25.0,0,237999.0,130500.0,45750.0,147800.0,85000.0,647049.0,0.4413038689256258,173.0
H2FL10259,2405,1280021,"FROST, MAXWELL ALEJANDRO",FL,H,10.0,I,C,0.3738045738045738,25.0,0,-1000.0,158000.0,23000.0,126600.0,11000.0,317600.0,0.19879558418423393,10.0
H2FL14053,974,1148354,"FRANKEL, LOIS J.",FL,H,23.0,I,C,0.5451745379876797,20.0,2,130000.0,139000.0,58744.0,176500.0,53500.0,557744.0,0.326912053117699,151723.0
H2FL22171,1460,1711828,"MOSKOWITZ, JARED",FL,H,25.0,I,C,0.4335616438356164,25.0,2,215000.0,98500.0,59494.0,216367.0,81000.0,670361.0,0.28140546363029967,559572.0
H2HI02581,517,543573,"TOKUDA, JILL NAOMI",HI,H,2.0,I,C,0.758220502901354,100.0,6,750.0,83700.0,25000.0,40500.0,35500.0,185450.0,0.25438154900462673,10.0
H2IA02111,3263,4553037,"BOHANNAN, CHRISTINA",IA,H,1.0,C,C,0.3392583512105424,250.0,1,0.0,143500.0,77005.0,356425.0,5000.0,581930.0,0.11332692108829522,45435.0
H2IL03162,750,875709,"RAMIREZ, DELIA",IL,H,3.0,I,C,0.6493333333333333,100.0,3,7500.0,199000.0,43300.0,88750.0,46206.0,384756.0,0.30524925325177615,0.0
H2IL08146,768,1312299,"AHMED, JUNAID",IL,H,8.0,O,C,0.5416666666666666,750.0,3,0.0,3000.0,3500.0,28550.0,0.0,35050.0,0.026014046843097074,110798.0
H2IL10068,1186,1523285,"SCHNEIDER, BRADLEY S.",IL,H,10.0,I,C,0.5160202360876898,125.0,2,878500.0,78000.0,71544.0,76000.0,305699.0,1409743.0,0.4806442352408501,11352.0
H2IL13153,1036,1526789,"BUDZINSKI, NIKKI",IL,H,13.0,I,C,0.6264478764478765,250.0,2,430500.0,254500.0,84544.0,113675.0,264685.0,1147904.0,0.4291722451885132,83860.0
H2IL17147,792,1087474,"SORENSEN, ERIC",IL,H,17.0,I,C,0.5555555555555556,100.0,2,272000.0,208840.0,74894.0,205200.0,151250.0,912184.0,0.45617000507086714,166.0
H2KY03206,717,767841,"MCGARVEY, MORGAN",KY,H,3.0,I,C,0.8200836820083682,100.0,0,289210.0,131500.0,37050.0,56000.0,115500.0,629260.0,0.45040408674820215,0.0
H2NC02287,1390,1841253,"DAVIS, DON",NC,H,1.0,I,C,0.176978417266187,500.0,1,610046.0,112500.0,122494.0,469520.0,307000.0,1621560.0,0.46827824661626255,147859.0
H2NC06098,539,607927,"ALLAM, NIDA",NC,H,4.0,C,C,0.3525046382189239,500.0,3,0.0,0.0,0.0,31600.0,0.0,31600.0,0.04941151820016981,2013957.0
H2NJ13075,722,1072854,"MENENDEZ, ROBERT",NJ,H,8.0,C,C,0.4653739612188365,1000.0,2,33500.0,0.0,2500.0,8500.0,2000.0,46500.0,0.04154181786994999,10.0
H2NM01144,972,599025,"STANSBURY, MELANIE",NM,H,1.0,I,C,0.7232510288065843,25.0,0,3578.0,115000.0,38586.0,54250.0,26600.0,238014.0,0.28435234200556964,63.0
H2NM02191,1698,2013381,"VASQUEZ, GABRIEL",NM,H,2.0,I,C,0.4346289752650176,50.0,1,247000.0,122500.0,98304.0,444516.0,136600.0,1048920.0,0.34252674704413444,16647.0
H2NV04011,711,1113757,"HORSFORD, STEVEN ALEXZANDER",NV,H,4.0,I,C,0.279887482419128,250.0,1,729530.0,168500.0,130044.0,536513.0,238500.0,1803087.0,0.6181636727915514,6246.0
H2NY04244,1721,2660096,"GILLEN, LAURA",NY,H,4.0,C,C,0.4131319000581057,300.0,1,93500.0,88250.0,34499.0,324214.0,44000.0,584463.0,0.1801363451858943,3979.0
H2NY06116,947,1305522,"MENG, GRACE",NY,H,6.0,I,C,0.7613516367476241,800.0,2,279000.0,103500.0,60044.0,111250.0,62750.0,616544.0,0.3207715031637831,10.0
H2NY10092,8432,3266744,"JEFFRIES, HAKEEM",NY,H,8.0,I,C,0.0939278937381404,20.0,0,1177500.0,243000.0,253544.0,184550.0,495997.0,2354591.0,0.418866870592128,10.0
H2NY10308,2629,4588174,"GOLDMAN, DANIEL",NY,H,10.0,I,C,0.5500190186382655,500.0,2,17500.0,75000.0,23009.0,242601.0,54500.0,412610.0,0.08250906257898762,138030.0
H2NY13096,1228,2161513,"ESPAILLAT, ADRIANO",NY,H,13.0,I,C,0.5488599348534202,1000.0,2,122000.0,101000.0,32044.0,183500.0,54000.0,492544.0,0.18558154553575903,5581756.0
H2OH01194,1760,2560789,"LANDSMAN, GREG",OH,H,1.0,I,C,0.3443181818181818,300.0,2,27250.0,232500.0,111044.0,436843.0,204185.0,1011822.0,0.28321639271669935,262.0
H2OH09031,1600,1836461,"KAPTUR, MARCY HON. M.C.",OH,H,9.0,I,C,0.483125,100.0,1,273500.0,248500.0,71770.0,497872.0,120000.0,1211642.0,0.39750690839515596,803.0
H2OH13264,1407,1508619,"SYKES, EMILIA",OH,H,13.0,I,C,0.4598436389481166,100.0,1,220250.0,235000.0,87327.0,453588.0,85000.0,1081165.0,0.4174730402226595,332.0
H2OR06066,837,724806,"SALINAS, ANDREA",OR,H,6.0,I,C,0.6523297491039427,50.0,1,221000.0,107500.0,68728.0,181915.0,129250.0,708393.0,0.4942739982375092,242.0
H2PA17103,1365,1468997,"DELUZIO, CHRISTOPHER",PA,H,17.0,I,C,0.580952380952381,50.0,0,500.0,295750.0,46246.0,133750.0,53500.0,529746.0,0.2650395773743798,13978.0
H2PA18200,912,762532,"LEE, SUMMER",PA,H,12.0,I,C,0.2664473684210526,35.0,3,5000.0,128750.0,16550.0,68600.0,8500.0,227400.0,0.2297127479463236,46681.0
H2RI02184,521,699074,"MAGAZINER, SETH",RI,H,2.0,I,C,0.7927063339731286,300.0,2,182000.0,169500.0,29994.0,80304.0,65000.0,526798.0,0.42973328373598546,0.0
H2TX23082,634,1038189,"CUELLAR, HENRY R.",TX,H,28.0,I,C,0.4936908517350157,500.0,1,185000.0,60000.0,85400.0,226657.0,185500.0,742557.0,0.4169920920782638,10387.0
H2TX30178,4048,1805608,"CROCKETT, JASMINE",TX,H,30.0,I,C,0.1763833992094861,25.0,0,52249.0,42000.0,5550.0,28500.0,22330.0,150629.0,0.07699936152930345,270000.0
H2TX35144,646,605440,"CASAR, GREG",TX,H,37.0,O,C,0.6068111455108359,50.0,3,-1000.0,189500.0,16550.0,53250.0,12500.0,270800.0,0.30904774947502966,37.0
H2VT01076,700,449895,"BALINT, REBECCA 'BECCA'",VT,H,0.0,I,C,0.7471428571428571,25.0,0,11500.0,129500.0,32550.0,55050.0,49500.0,278100.0,0.3820081181876249,10.0
H2WA03217,1647,2231935,"GLUESENKAMP PEREZ, MARIE",WA,H,3.0,I,C,0.3460837887067395,50.0,1,17020.0,179000.0,78994.0,475519.0,179500.0,930033.0,0.29413106014988133,13266.0
H4AZ01194,810,981317,"SHAH, AMISH DR.",AZ,H,1.0,O,C,0.4938271604938271,250.0,7,0.0,5000.0,55550.0,147910.0,31500.0,239960.0,0.19648286179138721,167283.0
H4AZ01228,1220,1754899,"GALAN-WOODS, MARLENE",AZ,H,1.0,,C,0.6090163934426229,250.0,1,0.0,7500.0,3541.0,8000.0,0.0,19041.0,0.010733733948160592,14019.0
H4AZ02184,1950,1655134,"NEZ, JONATHAN MICHAEL",AZ,H,2.0,C,C,0.2692307692307692,50.0,1,0.0,25000.0,18500.0,207072.0,0.0,250572.0,0.13148512939561507,3829.0
H4AZ03109,722,939087,"ANSARI, YASSAMIN",AZ,H,3.0,I,C,0.4529085872576177,250.0,7,4500.0,128000.0,28033.0,60500.0,13000.0,234033.0,0.19949621522094926,3385.0
H4CA12055,3932,11199227,"KHANNA, ROHIT",CA,H,17.0,I,C,0.5246693794506613,25.0,3,0.0,3500.0,4860.0,-500.0,-2000.0,5860.0,0.0005229767515415097,783.0
H4CA12154,748,1036636,"SIMON, LATEEFAH",CA,H,12.0,I,C,0.8542780748663101,250.0,3,56000.0,145500.0,23150.0,28000.0,29500.0,282150.0,0.21394676619254374,111959.0
H4CA16049,728,650363,"LOFGREN, ZOE",CA,H,18.0,I,C,0.5892857142857143,25.0,0,158000.0,75500.0,39950.0,97750.0,78250.0,449450.0,0.40866038135573957,109708.0
H4CA16197,655,1461284,"LICCARDO, SAM T.",CA,H,16.0,I,C,0.7541984732824427,1000.0,1,453499.0,34500.0,53050.0,79250.0,105999.0,726298.0,0.33200949724398904,178.0
H4CA27111,1520,2444343,"WHITESIDES, GEORGE",CA,H,27.0,I,C,0.6394736842105263,50.0,1,221500.0,108000.0,51134.0,261436.0,29500.0,671570.0,0.21552912420853856,487587.0
H4CA33119,578,895948,"LIEU, TED",CA,H,36.0,I,C,0.4878892733564013,500.0,2,306000.0,117500.0,69396.0,82500.0,70000.0,645396.0,0.4187228808105134,106516.0
H4CA45170,2183,2757018,"TRAN, DEREK",CA,H,45.0,I,C,0.6234539624370132,100.0,1,266220.0,154500.0,68610.0,581311.0,44250.0,1114891.0,0.2879434924736093,6898.0
H4CA47085,1690,2202891,"MIN, DAVE",CA,H,47.0,I,C,0.7284023668639054,100.0,1,16000.0,161500.0,45334.0,283063.0,57000.0,562897.0,0.20352138341767337,126650.0
H4DE00045,3171,3036897,"MCBRIDE, SARAH ELIZABETH",DE,H,0.0,I,C,0.2812992746767581,30.0,0,192000.0,63000.0,56900.0,107900.0,68500.0,488300.0,0.13851708145672426,20.0
H4FL20023,1372,2395304,"WASSERMAN SCHULTZ, DEBBIE",FL,H,20.0,I,C,0.4927113702623906,500.0,2,296500.0,165000.0,65544.0,175956.0,68500.0,771500.0,0.24362101348867818,339199.0
H4GA14057,5071,1866005,"HARRIS, SHAWN",GA,H,14.0,O,C,0.1463222244133307,25.0,0,0.0,-2000.0,0.0,20500.0,0.0,18500.0,0.009816901520558448,17958.0
H4IL07177,554,782804,"CONYEARS-ERVIN, MELISSA",IL,H,7.0,O,C,0.6949458483754513,1000.0,2,0.0,0.0,0.0,13500.0,1000.0,14500.0,0.0181862877898518,4968493.0
H4MA03022,548,449445,"MCGOVERN, JAMES P",MA,H,2.0,I,C,0.7718978102189781,50.0,0,16500.0,127500.0,23525.0,23000.0,55000.0,245525.0,0.3532886311639351,10.0
H4MA05084,695,1032154,"CLARK, KATHERINE",MA,H,5.0,I,C,0.4086330935251798,25.0,2,1136250.0,162000.0,141094.0,169046.0,376100.0,1984490.0,0.657846931888549,10.0
H4MD03156,506,600949,"ELFRETH, SARAH KELLY",MD,H,3.0,I,C,0.7924901185770751,250.0,4,208000.0,110341.0,45621.0,65204.0,45000.0,474166.0,0.4410374704101422,1646.0
H4MI01155,513,645299,"BARR, CALLIE",MI,H,1.0,C,C,0.9005847953216374,250.0,1,0.0,23000.0,0.0,44500.0,500.0,68000.0,0.09533169119822123,0.0
H4MI08218,2002,3204386,"MCDONALD RIVET, KRISTEN",MI,H,8.0,I,C,0.3406593406593406,250.0,1,434480.0,231500.0,143480.0,617042.0,211441.0,1637943.0,0.3382552073599295,13889.0
H4MO01134,1987,2797604,"BELL, WESLEY",MO,H,1.0,I,C,0.1721187720181177,1000.0,2,295750.0,112000.0,40544.0,151450.0,49500.0,649244.0,0.18835875559351617,986769.0
H4NH02399,1512,2665569,"GOODLANDER, MAGGIE",NH,H,2.0,I,C,0.2804232804232804,500.0,4,5000.0,77500.0,33569.0,171000.0,26500.0,313569.0,0.10525494287273701,150000.0
H4NJ09194,1008,1191944,"POU, NELIDA",NJ,H,9.0,I,C,0.3531746031746032,500.0,1,225999.0,190500.0,69550.0,464004.0,103250.0,1053303.0,0.4691256685790027,245.0
H4NJ10176,804,492664,"MCIVER, LAMONICA",NJ,H,10.0,I,C,0.3370646766169154,100.0,0,65000.0,116500.0,24550.0,356000.0,23500.0,585550.0,0.5430740094267,122.0
H4NY22085,1219,1373443,"MANNION, JOHN W",NY,H,22.0,I,C,0.8269073010664479,100.0,1,186100.0,192999.0,75600.0,293750.0,85500.0,833949.0,0.3777983249010597,1785.0
H4NY26078,771,1590793,"KENNEDY, TIMOTHY",NY,H,26.0,I,C,0.808041504539559,1000.0,2,205500.0,177500.0,76044.0,54750.0,76000.0,589794.0,0.2704748767189752,0.0
H4OR05304,1699,1682229,"BYNUM, JANELLE",OR,H,5.0,I,C,0.4355503237198352,100.0,1,396320.0,97000.0,88500.0,492562.0,146185.0,1220567.0,0.42047977191645575,125.0
H4PA10104,3129,3842545,"STELSON, JANELLE",PA,H,10.0,C,C,0.4285714285714285,250.0,1,36719.0,146000.0,27100.0,368795.0,5000.0,583614.0,0.13185563374474346,106586.0
H4RI01265,962,1007856,"AMO, GABRIEL F",RI,H,1.0,I,C,0.4948024948024948,500.0,2,316500.0,115000.0,54594.0,77488.0,101629.0,665211.0,0.3975997374880982,0.0
H4TX09095,574,830970,"GREEN, ALEXANDER",TX,H,18.0,I,C,0.5801393728222997,500.0,3,3000.0,42500.0,3000.0,20000.0,4000.0,72500.0,0.08024616201976822,0.0
H4TX18138,1029,1701003,"EDWARDS, AMANDA",TX,H,18.0,C,C,0.7123420796890184,500.0,0,7500.0,10000.0,12412.0,33801.0,0.0,63713.0,0.03610382633806233,0.0
H4VA07234,7916,4534034,"VINDMAN, YEVGENY 'EUGENE'",VA,H,7.0,I,C,0.1411066195048004,25.0,0,190035.0,136000.0,62500.0,403146.0,81700.0,873381.0,0.16151543759818693,90632.0
H4VA08224,749,1439584,"BEYER, DONALD STERNOFF JR.",VA,H,8.0,I,C,0.7116154873164219,250.0,4,291799.0,93000.0,59800.0,65500.0,120250.0,630349.0,0.30452628176854035,0.0
H4VA10279,535,692606,"SUBRAMANYAM, SUHAS",VA,H,10.0,I,C,0.6542056074766355,250.0,4,134500.0,70500.0,23550.0,84750.0,43370.0,356670.0,0.3399200972861287,13.0
H4WA06117,784,555408,"RANDALL, EMILY",WA,H,6.0,I,C,0.9221938775510204,25.0,6,73250.0,83500.0,18550.0,130050.0,30500.0,335850.0,0.3768269120725985,20.0
H4WI03169,5027,4599401,"COOKE, REBECCA",WI,H,3.0,C,C,0.3944698627411975,50.0,1,0.0,84000.0,47230.0,413695.0,4000.0,548925.0,0.10662203597829663,13397.0
H6AR02286,1119,830166,"JONES, CHRIS",AR,H,2.0,C,C,0.8284182305630027,100.0,5,0.0,6000.0,0.0,24000.0,0.0,30000.0,0.03487698886028976,0.0
H6AZ01298,1027,1516271,"TREBLE, JONATHAN",AZ,H,1.0,O,C,0.3106134371957156,500.0,7,0.0,2500.0,50.0,7350.0,5000.0,14900.0,0.009731114290957705,367116.0
H6AZ06099,3617,3107845,"MENDOZA, JOANNA",AZ,H,6.0,C,C,0.2656897981752834,27.0,1,0.0,70000.0,40756.0,484347.0,10000.0,605103.0,0.16297104080100233,57184.0
H6AZ07121,1044,772982,"GRIJALVA, ADELITA",AZ,H,7.0,I,C,0.6312260536398467,100.0,7,1000.0,187841.0,36673.0,217195.0,16000.0,458709.0,0.37242214159233117,390291.0
H6CA01251,580,542251,"DENNEY, AUDREY",CA,H,1.0,C,C,0.8913793103448275,100.0,3,0.0,0.0,0.0,12210.0,0.0,12210.0,0.02202138653575274,0.0
H6CA01269,818,1004590,"MCGUIRE, MIKE",CA,H,1.0,C,C,0.8997555012224939,250.0,3,7500.0,211000.0,20550.0,42948.0,44000.0,325998.0,0.2450029610968985,679270.0
H6CA03158,655,527214,"PAN, RICHARD DR.",CA,H,6.0,C,C,0.8,250.0,7,17000.0,82500.0,45550.0,195004.0,55000.0,395054.0,0.42835054452718735,1440029.0
H6CA04222,633,2995874,"JONES, ERIC",CA,H,4.0,C,C,0.7709320695102686,3500.0,3,0.0,0.0,0.0,0.0,0.0,0.0,0.0,1273973.0
H6CA07175,950,776246,"VANG, MAI",CA,H,7.0,C,C,0.9294736842105265,100.0,3,0.0,28000.0,0.0,32500.0,0.0,60500.0,0.07230390106436123,520586.0
H6CA11268,724,814051,"CHAN, CONNIE",CA,H,11.0,O,C,0.9323204419889504,250.0,3,10000.0,117000.0,1050.0,71500.0,5000.0,204550.0,0.20081464675569727,1280686.0
H6CA14163,1061,1792198,"HERNANDEZ, MELISSA",CA,H,14.0,O,C,0.5956644674835061,1000.0,2,5500.0,2500.0,0.0,73500.0,5000.0,86500.0,0.04604252519564081,3833731.0
H6CA20152,935,1177659,"PANETTA, JIMMY",CA,H,19.0,I,C,0.5828877005347594,500.0,2,763090.0,93700.0,167496.0,131250.0,510750.0,1666286.0,0.585906548825663,599558.0
H6CA22190,1566,1612050,"VILLEGAS, RANDY",CA,H,22.0,C,C,0.6832694763729247,100.0,3,0.0,53000.0,11225.0,217002.0,0.0,281227.0,0.14853980690622662,2150573.0
H6CA22208,769,1053505,"BAINS, JASMEET",CA,H,22.0,C,C,0.7139141742522757,250.0,1,0.0,54000.0,10000.0,169082.0,7500.0,240582.0,0.18590867538272157,2722211.0
H6CA24113,837,1418013,"SHERMAN, BRAD",CA,H,32.0,I,C,0.6917562724014337,1000.0,2,334500.0,104000.0,83944.0,99000.0,159000.0,780444.0,0.3549962541910076,974137.0
H6CA32207,1530,1861765,"LEVINE, JAKE",CA,H,32.0,C,C,0.6111111111111112,500.0,4,0.0,0.0,4900.0,14000.0,0.0,18900.0,0.010049636697657478,468331.0
H6CA38139,597,829903,"SOLIS, HILDA",CA,H,38.0,C,C,0.9279731993299832,500.0,2,1000.0,65000.0,2500.0,43000.0,2500.0,114000.0,0.12077512201995332,380532.0
H6CA40309,1317,1203724,"VARET, ESTHER KIM",CA,H,40.0,C,C,0.5816249050873197,50.0,0,0.0,0.0,50.0,13500.0,0.0,13550.0,0.011131429735622382,1102497.0
H6CA40325,577,338719,"GAGNIER, CHRISTINA",CA,H,40.0,C,C,0.3708838821490468,250.0,4,1000.0,0.0,0.0,0.0,0.0,1000.0,0.0029436092770789976,0.0
H6CA41265,689,717728,"RIKER, BRANDON",CA,H,48.0,O,C,0.690856313497823,100.0,0,0.0,1000.0,50.0,1000.0,0.0,2050.0,0.002848100386508062,241029.0
H6CA48310,1255,1351131,"VON WILPERT, MARNI",CA,H,48.0,O,C,0.7115537848605578,250.0,1,1000.0,126500.0,18125.0,382523.0,2500.0,530648.0,0.28199273134624203,2202834.0
H6CO01273,760,581472,"KIROS, MELAT",CO,H,1.0,C,C,0.4513157894736842,100.0,3,0.0,11500.0,0.0,31511.0,0.0,43011.0,0.06887457304682433,474797.0
H6CO04202,8461,2740679,"LAUBACHER, EILEEN",CO,H,4.0,C,C,0.2281054248906748,25.0,0,0.0,0.0,0.0,20750.0,0.0,20750.0,0.007514225424589949,0.0
H6CO05324,1182,2030027,"KILLIN, JESSICA WILLOW",CO,H,5.0,C,C,0.3451776649746192,400.0,5,0.0,5000.0,15950.0,290189.0,0.0,311139.0,0.1328991622123335,124.0
H6CO08013,2177,2148305,"RUTINEL, MANNY",CO,H,8.0,C,C,0.1993569131832797,25.0,0,0.0,35000.0,5100.0,124020.0,0.0,164120.0,0.07097311264149107,3608663.0
H6CO08047,1821,1985047,"BIRD, SHANNON KATHLEEN",CO,H,8.0,C,C,0.7660626029654036,250.0,5,0.0,41000.0,5750.0,103030.0,1000.0,150780.0,0.07059560535567722,927218.0
H6CO08088,524,532093,"MUNSING, EVAN",CO,H,8.0,C,C,0.166030534351145,500.0,4,0.0,0.0,0.0,13000.0,0.0,13000.0,0.023849141339184324,0.0
H6CT01206,1828,2920617,"BRONIN, LUKE",CT,H,1.0,C,C,0.6214442013129103,500.0,4,0.0,10000.0,0.0,16000.0,0.0,26000.0,0.008823678136656375,1352142.0
H6DC00196,933,1428141,"PINTO, BROOKE",DC,H,0.0,O,C,0.5519828510182208,500.0,4,1000.0,5000.0,0.0,4000.0,0.0,10000.0,0.00695342111795714,257550.0
H6DC01079,599,599711,"WHITE, ROBERT C. JR.",DC,H,0.0,O,C,0.7262103505843072,500.0,4,0.0,85500.0,5000.0,60000.0,0.0,150500.0,0.20061022832243194,50699.0
H6FL07215,855,1053069,"DALTON, BALE",FL,H,7.0,C,C,0.4573099415204678,500.0,1,7400.0,20000.0,12450.0,163799.0,0.0,203649.0,0.1620482876826782,700000.0
H6FL11126,1009,1249187,"CASTOR, KATHY",FL,H,14.0,I,C,0.6897918731417245,250.0,1,311550.0,114000.0,146944.0,284631.0,158500.0,1015625.0,0.44843677974154145,122.0
H6FL13312,706,941951,"GRAY, LEELA J",FL,H,13.0,C,C,0.6784702549575071,300.0,1,0.0,18500.0,50.0,90500.0,500.0,109550.0,0.10418439925401878,0.0
H6FL20077,556,235870,"MANLEY, ELIJAH",FL,H,20.0,C,C,0.2733812949640288,25.0,0,0.0,0.0,0.0,0.0,0.0,0.0,0.0,1903.0
H6FL21059,832,1691652,"DANDIYA, PIA",FL,H,22.0,C,C,0.4471153846153846,500.0,7,0.0,0.0,1500.0,124000.0,500.0,126000.0,0.06932019990625268,0.0
H6FL27072,856,766891,"PEGUERO, ROBIN",FL,H,27.0,C,C,0.7476635514018691,250.0,0,0.0,0.0,50.0,29500.0,0.0,29550.0,0.03710256001386167,0.0
H6GA13070,813,536202,"CLARK, JASMINE",GA,H,13.0,C,C,0.4403444034440344,100.0,0,2500.0,13500.0,29000.0,44250.0,15500.0,104750.0,0.16342877469763725,4271901.0
H6HI01311,758,913782,"KEOHOKALOLE, JARRETT",HI,H,1.0,C,C,0.8759894459102903,500.0,6,32500.0,43500.0,0.0,1048.0,1000.0,78048.0,0.07869090469132815,463.0
H6IA02195,530,495611,"TWEDT-BALL, CLINTON GENE",IA,H,2.0,O,C,0.7452830188679245,200.0,1,0.0,0.0,0.0,2000.0,0.0,2000.0,0.004019203755543989,0.0
H6IA02211,999,1231207,"JAMES, LINDSAY",IA,H,2.0,O,C,0.4824824824824825,250.0,1,0.0,103500.0,15500.0,129224.0,5000.0,253224.0,0.1705865749233208,53238.0
H6IA03268,3150,3827319,"TRONE GARRIOTT, SARAH",IA,H,3.0,C,C,0.406031746031746,100.0,1,0.0,122000.0,18490.0,381639.0,0.0,522129.0,0.12004488845481082,13398.0
H6IA03276,559,405644,"KONFRST, JENNIFER",IA,H,3.0,C,C,0.815742397137746,100.0,1,0.0,0.0,0.0,12000.0,0.0,12000.0,0.028732604802176015,0.0
H6IL02298,694,534682,"PETERS, ROBERT JAMES",IL,H,2.0,O,C,0.5345821325648416,50.0,3,0.0,36000.0,4500.0,74706.0,5000.0,120206.0,0.18355199667729444,470024.0
H6IL02355,1547,2248109,"MILLER, DONNA",IL,H,2.0,O,C,0.2960568842921784,875.0,2,4000.0,51000.0,30050.0,46500.0,16250.0,147800.0,0.061688486499278564,4511239.0
H6IL07339,668,1764381,"FRIEDMAN, JASON",IL,H,7.0,O,C,0.8248502994011976,2000.0,2,0.0,5000.0,0.0,3500.0,3500.0,12000.0,0.0067553075607091045,348441.0
H6IL07438,693,716868,"FISHER, THOMAS DR.",IL,H,7.0,O,C,0.4516594516594516,400.0,2,0.0,0.0,28000.0,12500.0,7500.0,48000.0,0.06275592651281005,120000.0
H6IL08147,746,2931480,"KRISHNAMOORTHI, S. RAJA",IL,H,8.0,I,C,0.4611260053619302,2000.0,2,194000.0,47500.0,51050.0,24000.0,60000.0,376550.0,0.11382907651986228,0.0
H6IL08238,578,485475,"MORRISON, KEVIN B.",IL,H,8.0,O,C,0.7854671280276817,250.0,2,2000.0,2750.0,2500.0,41150.0,2000.0,50400.0,0.0940517844646606,0.0
H6IL08329,867,1420760,"BEAN, MELISSA LUBURICH",IL,H,8.0,O,C,0.4129181084198385,1000.0,2,95500.0,22500.0,49000.0,111500.0,43000.0,321500.0,0.18453043747775877,5478089.0
H6IL09178,2730,1395500,"ABUGHAZALEH, KATHERINE M.",IL,H,9.0,O,C,0.2194139194139194,50.0,3,0.0,500.0,0.0,27959.0,0.0,28459.0,0.019985828243650274,4536.0
H6IL09194,2039,2634942,"FINE, LAURA",IL,H,9.0,O,C,0.3236880823933301,500.0,2,1500.0,250.0,5000.0,14750.0,2000.0,23500.0,0.008839764042247301,4884087.0
H6IL09228,1571,2584702,"BISS, DANIEL",IL,H,9.0,O,C,0.8096753660089115,500.0,2,693.0,106000.0,64219.0,101000.0,16000.0,287912.0,0.1002264836138792,1219425.0
H6IL09236,720,809836,"AMIWALA, BUSHRA",IL,H,9.0,O,C,0.3875,250.0,3,0.0,0.0,0.0,1000.0,0.0,1000.0,0.0012332950189680775,112155.0
H6IL09301,710,920397,"ANDREW, PHILIP JEROME",IL,H,9.0,O,C,0.7774647887323943,500.0,2,0.0,0.0,0.0,500.0,0.0,500.0,0.0005429488857060018,262500.0
H6KS02276,592,477096,"COOVER, DON",KS,H,2.0,C,C,0.8293918918918919,100.0,5,0.0,39500.0,1000.0,5000.0,0.0,45500.0,0.08706534301831625,0.0
H6KY06150,653,429606,"STEVENSON, CHERLYNN",KY,H,6.0,O,C,0.8560490045941807,100.0,0,0.0,27000.0,50.0,13008.0,0.0,40058.0,0.08529076105471145,147660.0
H6KY06184,905,1237230,"DEMBO, ZACH",KY,H,6.0,O,C,0.7215469613259669,250.0,0,0.0,12500.0,5000.0,90000.0,0.0,107500.0,0.07994169833349446,294597.0
H6MA06160,781,686320,"NGUYEN, TRAM",MA,H,6.0,O,C,0.8732394366197183,250.0,4,0.0,20000.0,2500.0,14000.0,0.0,36500.0,0.050496665836584485,500000.0
H6MA08307,870,985709,"ROATH, PATRICK THOMAS",MA,H,8.0,C,C,0.7264367816091954,250.0,4,0.0,7000.0,0.0,6623.0,0.0,13623.0,0.013632106246972978,280216.0
H6MD05321,987,1538625,"BOAFO, ADRIAN",MD,H,5.0,O,C,0.226950354609929,1000.0,2,7500.0,42500.0,15050.0,78105.0,19500.0,162655.0,0.09560742499764883,12094231.0
H6MD08457,6187,3471313,"RASKIN, JAMIE",MD,H,8.0,I,C,0.308226927428479,25.0,0,121397.0,100250.0,62700.0,77306.0,54500.0,416153.0,0.10704993947213944,4153.0
H6ME02171,845,534241,"DUNLAP, MATT",ME,H,2.0,O,C,0.5810650887573965,50.0,0,0.0,38000.0,2550.0,41733.0,0.0,82283.0,0.13346276868378198,100816.0
H6MI04204,1555,1801502,"MCCANN, SEAN",MI,H,4.0,C,C,0.6070739549839228,100.0,1,0.0,88500.0,19850.0,256639.0,5000.0,369989.0,0.17038477249042247,94118.0
H6MI07256,1918,2174753,"BRINK,, BRIDGET",MI,H,7.0,C,C,0.1590198123044838,250.0,4,0.0,22500.0,50.0,44070.0,0.0,66620.0,0.029722852912032045,182890.0
H6MI07272,1144,1462021,"MAASDAM, MATTHEW",MI,H,7.0,C,C,0.2351398601398601,250.0,1,0.0,32000.0,0.0,33500.0,0.0,65500.0,0.042879934220216936,2171204.0
H6MI07298,858,774336,"LAWRENCE, WILLIAM",MI,H,7.0,C,C,0.4638694638694638,100.0,3,0.0,18000.0,1100.0,78736.0,0.0,97836.0,0.11217512142100411,656557.0
H6MI10276,842,852342,"HINES, CHRISTINA",MI,H,10.0,O,C,0.6211401425178147,250.0,1,0.0,25000.0,4100.0,128784.0,0.0,157884.0,0.15628582119248563,500023.0
H6MI10284,706,1016459,"GREIMEL, TIM",MI,H,10.0,O,C,0.8328611898016998,300.0,2,12500.0,36500.0,50.0,13000.0,1500.0,63550.0,0.05884210224174058,10226.0
H6MI10292,1486,1549515,"CHUNG, ERIC",MI,H,10.0,O,C,0.0874831763122476,250.0,4,0.0,0.0,10050.0,88812.0,0.0,98862.0,0.05997535757900044,2000.0
H6MI11191,806,1185919,"MOSS, JEREMY",MI,H,11.0,O,C,0.6985111662531017,250.0,2,18500.0,45000.0,8050.0,88262.0,3500.0,163312.0,0.12104080027808434,295097.0
H6MI11241,527,757801,"UFFORD, DON",MI,H,11.0,O,C,0.7096774193548387,250.0,4,0.0,0.0,50.0,0.0,0.0,50.0,6.597602958892976e-05,0.0
H6MI13254,775,610900,"MCKINNEY, DONAVAN",MI,H,13.0,C,C,0.5006451612903225,250.0,3,0.0,42500.0,7000.0,58000.0,5835.0,113335.0,0.15648926108238348,1086063.0
H6MN02248,776,954540,"KLEIN, MATTHEW DAVID",MN,H,2.0,O,C,0.6829896907216495,250.0,2,750.0,15000.0,22500.0,29500.0,30250.0,98000.0,0.09310810040473522,2459998.0
H6MO02343,709,587359,"WELLMAN, FREDERICK PAUL",MO,H,2.0,C,C,0.5091678420310296,100.0,0,0.0,34000.0,550.0,32000.0,0.0,66550.0,0.10177257080113594,0.0
H6MT01137,730,715188,"FORSTAG, SAMUEL KELLEY",MT,H,1.0,O,C,0.4,250.0,1,0.0,56000.0,7825.0,155000.0,0.0,218825.0,0.23428474764269877,253503.0
H6MT01145,528,421353,"BUSSE, RYAN",MT,H,1.0,O,C,0.5700757575757576,250.0,0,0.0,0.0,5850.0,20250.0,0.0,26100.0,0.058330148641309816,70875.0
H6NC09218,1701,550377,"OJEDA, RICHARD N.",NC,H,9.0,C,C,0.1599059376837154,25.0,0,0.0,15000.0,0.0,6000.0,0.0,21000.0,0.03675331698685806,6335.0
H6NC11248,1924,2236601,"AGER, JAMIE",NC,H,11.0,C,C,0.6242203742203742,200.0,1,0.0,32500.0,11600.0,224750.0,500.0,269350.0,0.10748414474185648,270112.0
H6NE02174,1373,1792819,"POWELL, DENISE",NE,H,2.0,O,C,0.415877640203933,250.0,1,0.0,45000.0,8550.0,317795.0,0.0,371345.0,0.17158819756728233,3089051.0
H6NE02190,1025,1011374,"CAVANAUGH, JOHN",NE,H,2.0,O,C,0.5375609756097561,250.0,4,0.0,68500.0,21602.0,52308.0,7500.0,149910.0,0.12908986948928944,300510.0
H6NH01321,1514,1893332,"SHAHEEN, STEFANY",NH,H,1.0,O,C,0.4623513870541612,100.0,4,1000.0,29000.0,21125.0,53500.0,0.0,104625.0,0.05236599186068569,2246473.0
H6NH01354,724,423889,"URRUTIA, CHRISTIAN",NH,H,1.0,O,C,0.1408839779005525,100.0,0,0.0,0.0,0.0,1000.0,0.0,1000.0,0.002353555869886017,0.0
H6NJ02228,535,625203,"WINDER, BAYLY PHILIP CHRISTOPER",NJ,H,2.0,C,C,0.4467289719626168,250.0,4,0.0,0.0,0.0,0.0,0.0,0.0,0.0,81318.0
H6NJ05171,1228,3217315,"GOTTHEIMER, JOSH",NJ,H,5.0,I,C,0.1929967426710097,1000.0,2,530000.0,103000.0,152274.0,90250.0,178500.0,1054024.0,0.24676664624371888,0.0
H6NJ07201,2259,3260284,"BENNETT, REBECCA",NJ,H,7.0,C,C,0.4174413457281983,250.0,1,0.0,40500.0,11125.0,262510.0,0.0,314135.0,0.08788421279094588,1283096.0
H6NJ07235,614,777995,"ROTH, MICHAEL",NJ,H,7.0,C,C,0.6726384364820847,250.0,4,0.0,0.0,0.0,0.0,0.0,0.0,0.0,120294.0
H6NJ07250,1188,1242173,"SHAH, TINA",NJ,H,7.0,C,C,0.1809764309764309,250.0,7,0.0,0.0,13550.0,40500.0,5000.0,59050.0,0.045380384453702405,300163.0
H6NJ11245,1011,1333055,"MALINOWSKI, TOM",NJ,H,11.0,C,C,0.5855588526211671,500.0,4,0.0,10000.0,3100.0,32500.0,0.0,45600.0,0.033075715099136475,734274.0
H6NJ11286,1032,816918,"MEJIA, ANALILIA",NJ,H,11.0,I,C,0.4874031007751938,250.0,3,0.0,116000.0,19600.0,226262.0,6000.0,367862.0,0.31048971117000623,507645.0
H6NJ11310,538,759105,"WAY, TAHESHA",NJ,H,11.0,C,C,0.449814126394052,1000.0,2,0.0,0.0,3000.0,7000.0,0.0,10000.0,0.013002125847576079,2144412.0
H6NJ12268,540,684050,"COHEN, BRAD",NJ,H,12.0,O,C,0.7685185185185185,1000.0,2,0.0,5000.0,5000.0,0.0,0.0,10000.0,0.014408183848425906,135724.0
H6NJ12417,1089,1203442,"HAMAWY, ADAM",NJ,H,12.0,O,C,0.4352617079889807,500.0,3,0.0,18000.0,0.0,44653.0,1000.0,63653.0,0.0502353809303959,1932820.0
H6NV04020,1604,2571935,"LEE, SUSIE",NV,H,3.0,I,C,0.1982543640897755,500.0,1,419000.0,100000.0,93315.0,545567.0,117000.0,1274882.0,0.3314121779122844,15.0
H6NY01159,586,532364,"GALLANT, CHRISTOPHER",NY,H,1.0,C,C,0.689419795221843,250.0,4,0.0,0.0,0.0,21500.0,0.0,21500.0,0.038818193635982844,0.0
H6NY03247,1914,3415358,"SUOZZI, THOMAS",NY,H,3.0,I,C,0.5438871473354232,500.0,2,568000.0,205500.0,176994.0,461549.0,251000.0,1663043.0,0.32747374616537767,1375.0
H6NY07164,729,869893,"REYNOSO, ANTONIO",NY,H,7.0,O,C,0.840877914951989,500.0,2,2000.0,30000.0,1500.0,17500.0,5000.0,56000.0,0.0604821507452805,881222.0
H6NY07214,951,916811,"VALDEZ, CLAIRE",NY,H,7.0,O,C,0.6624605678233438,250.0,3,0.0,17500.0,1750.0,46927.0,0.0,66177.0,0.06732228674205586,1242663.0
H6NY07248,565,907754,"WON, JULIE JAEHEE",NY,H,7.0,O,C,0.8230088495575221,1000.0,2,0.0,0.0,0.0,28500.0,0.0,28500.0,0.030440457397244765,0.0
H6NY10176,1732,1718147,"LANDER, BRAD MR.",NY,H,10.0,C,C,0.7263279445727483,250.0,3,0.0,15000.0,0.0,48759.0,0.0,63759.0,0.035781348735567424,166078.0
H6NY12172,1504,2688022,"LASHER, MICAH CHARLES",NY,H,12.0,O,C,0.8843085106382979,500.0,2,1500.0,4500.0,1050.0,17500.0,5000.0,29550.0,0.010873676943977933,10775506.0
H6NY12214,1752,3674136,"BORES, ALEXANDER",NY,H,12.0,O,C,0.5148401826484018,500.0,3,0.0,56500.0,1000.0,0.0,1000.0,58500.0,0.015672570269375314,23436624.0
H6NY12255,1945,1814791,"SCHLOSSBERG, JOHN (JACK) BOUVIER KENNE",NY,H,12.0,O,C,0.3994858611825193,250.0,4,0.0,0.0,0.0,13500.0,0.0,13500.0,0.007383944897174465,0.0
H6NY12347,2864,1507328,"CONWAY, GEORGE",NY,H,12.0,O,C,0.1319832402234637,25.0,0,0.0,0.0,0.0,2000.0,0.0,2000.0,0.0013250930215301115,0.0
H6NY13279,788,837472,"AVILA CHEVALIER, DARIALIZA",NY,H,13.0,C,C,0.4631979695431472,250.0,3,0.0,5000.0,1750.0,33611.0,0.0,40361.0,0.045977993536356,1907828.0
H6NY17163,1696,1604841,"DAVIDSON, BETH",NY,H,17.0,C,C,0.722877358490566,100.0,0,0.0,0.0,50.0,3500.0,0.0,3550.0,0.0022071747479313177,0.0
H6NY17171,2137,2995072,"CONLEY, CAIT",NY,H,17.0,C,C,0.5409452503509593,250.0,1,1000.0,32500.0,9600.0,289324.0,0.0,332424.0,0.0999021486427031,1750012.0
H6NY21199,3804,2737197,"GENDEBIEN, BLAKE",NY,H,21.0,O,C,0.4797581493165089,25.0,0,4899.0,19500.0,2600.0,46468.0,0.0,73467.0,0.026138663319414914,40476.0
H6PA01181,1320,1314952,"HARVIE, ROBERT J",PA,H,1.0,C,C,0.7257575757575757,142.0,1,0.0,0.0,5000.0,161500.0,0.0,166500.0,0.11238973655575746,17373.0
H6PA03195,710,827050,"STREET, SHARIF",PA,H,3.0,O,C,0.8422535211267606,500.0,4,14053.0,69000.0,5000.0,18000.0,5000.0,111053.0,0.11838039106579981,656073.0
H6PA03203,1047,882148,"RABB, CHRISTOPHER M.",PA,H,3.0,O,C,0.5549188156638013,250.0,3,0.0,9000.0,5000.0,82504.0,0.0,96504.0,0.0986091072209529,1779176.0
H6PA07162,1237,1378923,"CROSSWELL, RYAN",PA,H,7.0,C,C,0.3047696038803557,250.0,4,2000.0,0.0,5000.0,12100.0,0.0,19100.0,0.01366215005046412,103000.0
H6PA07188,1120,1325362,"BROOKS, BOB",PA,H,7.0,C,C,0.2821428571428571,250.0,1,19129.0,111000.0,9050.0,341255.0,0.0,480434.0,0.26605109325748866,2598053.0
H6PA08293,2557,3232529,"COGNETTI, PAIGE",PA,H,8.0,C,C,0.2866640594446617,258.0,1,9005.0,75000.0,38785.0,383295.0,0.0,506085.0,0.1353670103412655,128520.0
H6PA09127,604,480190,"WALLACE, RACHEL",PA,H,9.0,C,C,0.4105960264900662,250.0,4,1000.0,24000.0,0.0,14500.0,0.0,39500.0,0.07600685023764167,0.0
H6SC01359,1197,1132378,"LACORE, NANCY",SC,H,1.0,O,C,0.2389306599832915,250.0,0,0.0,5000.0,50.0,114365.0,0.0,119415.0,0.09539516517507288,708735.0
H6TN05397,1448,2054191,"MOLDER, CHAZ",TN,H,5.0,C,C,0.8535911602209945,300.0,1,3000.0,32500.0,17500.0,164617.0,0.0,217617.0,0.09579022523030115,33707.0
H6TN09449,1331,1069522,"PEARSON, JUSTIN J.",TN,H,9.0,C,C,0.3328324567993989,100.0,3,0.0,6500.0,50.0,58101.0,0.0,64651.0,0.057002767655375326,36894.0
H6TX15162,943,1692100,"GONZALEZ, VICENTE",TX,H,34.0,I,C,0.2948038176033934,1000.0,1,579750.0,134000.0,113294.0,378907.0,254500.0,1460451.0,0.4632600709710961,1883.0
H6TX15246,1240,1872313,"PULIDO, BOBBY",TX,H,15.0,C,C,0.4556451612903225,478.5,1,0.0,35000.0,10550.0,242956.0,0.0,288506.0,0.13351696740911664,1252924.0
H6TX18232,1695,2663218,"MENEFEE, CHRISTIAN",TX,H,18.0,C,C,0.7433628318584071,500.0,0,12000.0,85000.0,31750.0,111250.0,9500.0,249500.0,0.08565882450686953,7065628.0
H6VA00028,525,496072,"COONEY, JOSEPH PATRICK",VA,H,7.0,C,C,0.4914285714285714,300.0,4,0.0,0.0,0.0,0.0,0.0,0.0,0.0,0.0
H6VA01299,1219,1337887,"TAYLOR, SHANNON LEIGH",VA,H,1.0,C,C,0.6644790812141099,250.0,1,5000.0,78500.0,17950.0,286933.0,0.0,388383.0,0.22498392487849525,49875.0
H6VA02198,2007,2814758,"LURIA, ELAINE",VA,H,2.0,C,C,0.502740408570005,200.0,1,0.0,40000.0,16200.0,347851.0,5000.0,409051.0,0.1268843780757483,18102.0
H6VA05217,1176,1765945,"PERRIELLO, THOMAS",VA,H,5.0,C,C,0.6258503401360545,250.0,4,0.0,20000.0,6050.0,119500.0,0.0,145550.0,0.07614458839808631,452.0
H6VA06173,1208,1176429,"MACY, BETH",VA,H,6.0,C,C,0.7433774834437086,250.0,4,0.0,0.0,3500.0,36000.0,0.0,39500.0,0.03248544939712763,0.0
H6VA07254,651,1213400,"MCAULIFFE, DOROTHY",VA,H,7.0,C,C,0.3778801843317972,1000.0,4,993.0,0.0,5000.0,7000.0,0.0,12993.0,0.010594483171381442,0.0
H6VA11066,1120,1406334,"WALKINSHAW, JAMES",VA,H,11.0,I,C,0.8008928571428572,250.0,4,343000.0,268500.0,53318.0,176500.0,122000.0,963318.0,0.40652298312157226,2731227.0
H6WA07458,1537,1084325,"JAYAPAL, PRAMILA",WA,H,7.0,I,C,0.6434612882238127,25.0,0,1500.0,194000.0,31500.0,58750.0,4000.0,289750.0,0.2108691301420956,10.0
H6WA09025,899,1212787,"SMITH, D. ADAM",WA,H,9.0,I,C,0.5828698553948832,250.0,6,420000.0,82250.0,19494.0,56780.0,33000.0,611524.0,0.3352081964094938,10.0
H6WI01283,544,341428,"BERMAN, MITCHELL",WI,H,1.0,C,C,0.6654411764705882,157.0,0,0.0,10000.0,50.0,14500.0,0.0,24550.0,0.06708053489554017,0.0
H6WI03172,525,260940,"BERGE, EMILY",WI,H,3.0,C,C,0.7314285714285714,100.0,0,0.0,0.0,100.0,0.0,0.0,100.0,0.0003830830524057616,0.0
H8AZ09040,1033,1354639,"STANTON, GREG",AZ,H,4.0,I,C,0.8693126815101646,250.0,7,308749.0,143500.0,45544.0,71000.0,125000.0,693793.0,0.3386946698743234,422815.0
H8CA01109,1693,2017594,"THOMPSON, MIKE MR.",CA,H,4.0,I,C,0.8363851151801536,250.0,3,749020.0,127700.0,159550.0,519327.0,403750.0,1959347.0,0.49267690921238205,1860472.0
H8CA05035,2710,803333,"PELOSI, NANCY",CA,H,11.0,I,C,0.2856088560885609,25.0,0,4100.0,14500.0,2862.0,-5800.0,1000.0,16662.0,0.020319636095342045,0.0
H8CA10126,1602,2508744,"HARDER, JOSH",CA,H,9.0,I,C,0.8389513108614233,100.0,1,29000.0,94500.0,57016.0,268545.0,79000.0,528061.0,0.1738870292955919,1270.0
H8CA11116,2199,4253838,"WIENER, SCOTT",CA,H,11.0,O,C,0.8981355161437017,500.0,3,3500.0,48000.0,21000.0,20675.0,7500.0,100675.0,0.023119692144678405,1273169.0
H8CA49058,1662,2302281,"LEVIN, MIKE",CA,H,49.0,I,C,0.8664259927797834,50.0,1,15000.0,142341.0,52773.0,163501.0,67000.0,440615.0,0.1606386097030292,698.0
H8CO02160,1043,1303632,"NEGUSE, JOSEPH",CO,H,2.0,I,C,0.7142857142857143,50.0,5,542500.0,116000.0,99744.0,101225.0,225225.0,1084694.0,0.4541649674290696,0.0
H8CO06229,1842,1748676,"CROW, JASON",CO,H,6.0,I,C,0.6606948968512486,25.0,5,13000.0,72000.0,35468.0,82756.0,29540.0,232764.0,0.11747214147286822,0.0
H8CO07045,730,639553,"PETTERSEN, BRITTANY LOUISE",CO,H,7.0,I,C,0.5986301369863014,25.0,5,563700.0,64000.0,86544.0,96500.0,236765.0,1047509.0,0.6209072339961424,0.0
H8CT01046,823,1334030,"LARSON, JOHN B",CT,H,1.0,I,C,0.6306196840826246,500.0,2,512500.0,151000.0,135215.0,365000.0,253500.0,1417215.0,0.5151177012588846,54310.0
H8CT05245,538,451877,"HAYES, JAHANA",CT,H,5.0,I,C,0.4386617100371747,25.0,1,91000.0,105500.0,60320.0,311362.0,57000.0,625182.0,0.5804528814113247,140.0
H8IL06139,885,1145651,"CASTEN, SEAN",IL,H,6.0,I,C,0.7050847457627119,25.0,2,413000.0,119000.0,66050.0,37500.0,151000.0,786550.0,0.40707462629405533,12097.0
H8IL14067,829,1068668,"FOSTER, G. WILLIAM (BILL)",IL,H,11.0,I,C,0.4354644149577804,100.0,2,500500.0,95500.0,74500.0,69000.0,154500.0,894000.0,0.45550240794673375,10.0
H8IL14174,1276,1501163,"UNDERWOOD, LAUREN",IL,H,14.0,I,C,0.5525078369905956,25.0,2,14500.0,161000.0,81000.0,65020.0,100500.0,422020.0,0.21943829578360458,35.0
H8KS03155,2310,1596744,"DAVIDS, SHARICE",KS,H,3.0,I,C,0.6554112554112554,25.0,5,376730.0,158500.0,63525.0,138900.0,164000.0,901655.0,0.3608931159514553,0.0
H8MA03072,2294,4288116,"KOH, DANIEL ARRIGG",MA,H,6.0,O,C,0.4925893635571055,500.0,4,0.0,90499.0,0.0,18000.0,0.0,108499.0,0.024677848754098324,1760624.0
H8MA07032,883,678440,"PRESSLEY, AYANNA",MA,H,7.0,I,C,0.6670441676104191,25.0,3,0.0,60000.0,2500.0,26500.0,0.0,89000.0,0.11596997810903784,10.0
H8ME02185,1115,1556931,"GOLDEN, JARED",ME,H,2.0,I,C,0.2547085201793722,200.0,1,4000.0,71000.0,30994.0,167500.0,32500.0,305994.0,0.16425459962156286,0.0
H8MI13250,2083,1520902,"TLAIB, RASHIDA",MI,H,12.0,I,C,0.1041766682669227,20.0,3,0.0,29500.0,5050.0,7500.0,0.0,42050.0,0.02690421714806341,510.0
H8MO01143,742,868926,"BUSH, CORI",MO,H,1.0,C,C,0.1819407008086253,90.0,3,0.0,8000.0,1500.0,18250.0,0.0,27750.0,0.03094763325883597,83276.0
H8NH01186,1905,2830564,"SULLIVAN, MAURA CORBY",NH,H,1.0,O,C,0.1396325459317585,500.0,4,0.0,0.0,0.0,84000.0,0.0,84000.0,0.02882077731008823,3056198.0
H8NY15148,31016,10407140,"OCASIO-CORTEZ, ALEXANDRIA",NY,H,14.0,I,C,0.1143925715759607,20.0,0,0.0,30500.0,2550.0,2550.0,0.0,35600.0,0.0034090669690138796,10.0
H8NY19223,1611,3341578,"RYAN, PATRICK",NY,H,18.0,I,C,0.6790813159528243,50.0,2,10000.0,195500.0,34494.0,134000.0,89000.0,462994.0,0.12169410908769765,905.0
H8NY22177,2201,3052157,"RILEY, JOSH",NY,H,19.0,I,C,0.5579282144479782,50.0,1,26500.0,185500.0,100675.0,483477.0,25500.0,821652.0,0.2121044171253668,6578.0
H8NY25105,591,650317,"MORELLE, JOSEPH D",NY,H,25.0,I,C,0.7208121827411168,250.0,2,445500.0,159000.0,69494.0,107125.0,154750.0,935869.0,0.5900121423338751,571928.0
H8PA04116,528,455361,"DEAN, MADELEINE",PA,H,4.0,I,C,0.8087121212121212,50.0,4,353500.0,174800.0,76050.0,45750.0,126000.0,776100.0,0.6302270230238717,105.0
H8PA06087,648,952300,"HOULAHAN, CHRISSY",PA,H,6.0,I,C,0.6728395061728395,50.0,4,284000.0,65500.0,38718.0,94500.0,64500.0,547218.0,0.3649292639368117,105.0
H8PA07200,562,464377,"SCANLON, MARY GAY",PA,H,5.0,I,C,0.8629893238434164,100.0,4,165499.0,184500.0,40300.0,31000.0,70000.0,491299.0,0.5140853176181048,105.0
H8TX32098,2369,1550003,"ALLRED, COLIN",TX,H,33.0,O,C,0.427606585056986,25.0,0,5000.0,21500.0,11050.0,8200.0,5000.0,50750.0,0.03170382938529555,50000.0
H8UT04053,1009,1746621,"MCADAMS, BEN",UT,H,1.0,C,C,0.7205153617443013,500.0,1,42000.0,29000.0,25900.0,99500.0,42000.0,238400.0,0.12009948509360859,2715089.0
H8WA08189,1589,1806373,"SCHRIER, KIM DR.",WA,H,8.0,I,C,0.908118313404657,50.0,6,354000.0,87500.0,197994.0,125999.0,212500.0,977993.0,0.35124441255208544,105156.0
S0CO00575,4064,4496252,"HICKENLOOPER, JOHN W.",CO,S,0.0,I,C,0.421013779527559,25.0,5,-3080.0,93500.0,91419.0,544750.0,247337.0,973926.0,0.17804283516916633,510196.0
S0DE00092,1202,1921514,"COONS, CHRISTOPHER A.",DE,S,0.0,I,C,0.2587354409317803,50.0,2,621750.0,74000.0,105044.0,413500.0,190000.0,1404294.0,0.42224145230271865,11569.0
S0KY00339,1407,1085530,"MCGRATH, AMY",KY,S,0.0,O,C,0.2672352523098791,100.0,0,0.0,0.0,0.0,0.0,0.0,0.0,0.0,154395.0
S0NM00058,2333,1634183,"LUJAN, BEN RAY",NM,S,0.0,I,C,0.2786112301757394,10.0,0,582000.0,144000.0,135310.0,608000.0,283499.0,1752809.0,0.5175119988473548,319.0
S4MA00028,2098,1552794,"MARKEY, EDWARD SEN.",MA,S,0.0,I,C,0.6930409914204004,25.0,0,0.0,131500.0,39450.0,421550.0,57950.0,650450.0,0.29522377004090333,42935.0
S4NJ00185,12996,5399688,"BOOKER, CORY A.",NJ,S,0.0,I,C,0.1321945213911972,25.0,0,-2000.0,58500.0,15044.0,422250.0,2500.0,496294.0,0.08417495168743731,135.0
S4TX00722,3750,2929200,"ALLRED, COLIN",TX,S,0.0,C,C,0.4573333333333333,25.0,0,0.0,12500.0,-1000.0,5000.0,0.0,16500.0,0.005601385069762705,0.0
S6AK00276,12600,9294232,"PELTOLA, MARY",AK,S,0.0,C,C,0.1576984126984127,100.0,0,0.0,79000.0,6050.0,578909.0,0.0,663959.0,0.06667466008635504,373196.0
S6AR00199,2226,1408800,"SHOFFNER, HALLIE",AR,S,0.0,C,C,0.8108715184186882,100.0,5,0.0,13000.0,2550.0,9500.0,0.0,25050.0,0.017470446699445547,0.0
S6CO00499,825,553157,"GONZALES, JULIE",CO,S,0.0,C,C,0.7721212121212121,100.0,3,0.0,13500.0,0.0,6048.0,0.0,19548.0,0.03413275595638243,352476.0
S6FL00756,8316,3619314,"WEIL, JOSHUA JOSEPH",FL,S,0.0,C,C,0.1224146224146224,100.0,0,0.0,0.0,0.0,7300.0,0.0,7300.0,0.0020128968784656983,0.0
S6FL00830,524,388930,"NIXON, ANGELA",FL,S,0.0,C,C,0.7958015267175572,250.0,3,0.0,2500.0,1550.0,39500.0,0.0,43550.0,0.10069829818719941,27036.0
S6FL00855,10155,5917226,"VINDMAN, ALEXANDER",FL,S,0.0,C,C,0.3305760709010339,100.0,0,0.0,5000.0,1050.0,206695.0,0.0,212745.0,0.03470571067954482,4332.0
S6IA00256,816,397073,"SAGE, NATHAN",IA,S,0.0,O,C,0.1397058823529411,50.0,0,0.0,0.0,50.0,6750.0,0.0,6800.0,0.016836975980072943,0.0
S6IA00298,3379,3052176,"TUREK, JOSHUA",IA,S,0.0,O,C,0.3421130511985795,100.0,1,0.0,65000.0,14325.0,410156.0,0.0,489481.0,0.1382067772232037,10011735.0
S6IL00458,3279,3661308,"STRATTON, JULIANA",IL,S,0.0,O,C,0.6294602012808783,100.0,2,4500.0,108500.0,41100.0,279300.0,34500.0,467900.0,0.11331470829272829,9082587.0
S6IL00474,821,783784,"KELLY, ROBIN",IL,S,,O,C,0.707673568818514,250.0,2,22400.0,9000.0,3500.0,168000.0,0.0,202900.0,0.20563827932752532,1277989.0
S6IL00482,4713,10246551,"KRISHNAMOORTHI, S",IL,S,,O,C,0.4795247188627201,500.0,2,97075.0,20500.0,48500.0,180500.0,47725.0,394300.0,0.037055306948664164,441566.0
S6KS00312,2405,3327334,"HAMILTON, ADAM",KS,S,0.0,C,C,0.6756756756756757,250.0,5,2500.0,0.0,5050.0,77500.0,0.0,85050.0,0.024923924153905305,0.0
S6KY00385,515,420203,"BOOKER, CHARLES",KY,S,0.0,O,C,0.5572815533980583,100.0,0,0.0,13500.0,0.0,11000.0,0.0,24500.0,0.05509294967652568,28425.0
S6LA00615,682,270048,"DAVIS, JAMIE",LA,S,0.0,C,C,0.127565982404692,50.0,0,0.0,0.0,0.0,0.0,0.0,0.0,0.0,0.0
S6MA00296,2991,5263811,"MOULTON, SETH",MA,S,0.0,C,C,0.5489802741558008,500.0,4,9000.0,25500.0,-5000.0,36499.0,500.0,66499.0,0.01247563462537826,2265931.0
S6ME00332,3792,1715634,"WOOD, JORDAN",ME,S,0.0,C,C,0.0632911392405063,15.0,0,0.0,0.0,0.0,16000.0,0.0,16000.0,0.009239827815808652,0.0
S6ME00373,15131,8527743,"PLATNER, GRAHAM",ME,S,0.0,C,C,0.2451259004692353,50.0,0,0.0,77500.0,21875.0,229633.0,0.0,329008.0,0.037147708002629856,426355.0
S6ME00407,3342,3550467,"MILLS, JANET TRAFTON",ME,S,0.0,C,C,0.3276481149012567,50.0,0,0.0,0.0,5234.0,116959.0,1000.0,123193.0,0.033534132173363894,17900.0
S6MI00392,7447,5597229,"MCMORROW, MALLORY",MI,S,0.0,O,C,0.4079495098697462,50.0,0,0.0,10000.0,50.0,44500.0,0.0,54550.0,0.009651828211966532,20353.0
S6MI00418,8484,10264179,"EL-SAYED, ABDUL",MI,S,0.0,O,C,0.3561999057048562,50.0,3,0.0,35500.0,7625.0,211552.0,0.0,254677.0,0.024211473186818034,2772249.0
S6MI00426,5437,7898325,"STEVENS, HALEY",MI,S,0.0,O,C,0.2624609159462939,25.0,2,156750.0,62500.0,24500.0,443801.0,36500.0,724051.0,0.08397348944188933,28856270.0
S6MN00499,6358,8307561,"CRAIG, ANGIE",MN,S,0.0,O,C,0.4215162000629128,40.0,2,185750.0,60500.0,42000.0,250532.0,99000.0,637782.0,0.07129765733969061,9255638.0
S6MS00133,1260,1555320,"COLOM, SCOTT",MS,S,0.0,C,C,0.4174603174603175,250.0,1,0.0,35000.0,10050.0,278500.0,0.0,323550.0,0.17220456976799886,747603.0
S6NC00407,11408,8344126,"COOPER, ROY",NC,S,0.0,O,C,0.6143934081346424,50.0,0,60921.0,150500.0,81180.0,647186.0,11000.0,950787.0,0.10229111342946405,311137.0
S6NH00141,9441,8773016,"PAPPAS, CHRIS",NH,S,0.0,O,C,0.2735938989513822,25.0,0,4500.0,154500.0,44812.0,605630.0,49000.0,858442.0,0.08912897714966934,1187.0
S6OH00163,28125,17603625,"BROWN, SHERROD",OH,S,0.0,C,C,0.4370133333333333,25.0,0,27843.0,62500.0,6000.0,116294.0,2500.0,215137.0,0.01207362217420043,49811.0
S6RI00163,1268,2104514,"REED, JOHN F.",RI,S,0.0,I,C,0.4061514195583596,600.0,2,393200.0,137000.0,58294.0,417700.0,140500.0,1146694.0,0.352697828007313,10.0
S6SC04239,7709,4197968,"ANDREWS, ANNIE",SC,S,0.0,C,C,0.3619146452198729,25.0,0,0.0,12500.0,12050.0,131950.0,0.0,156500.0,0.035940096471027,160.0
S6TX00479,50685,28859453,"TALARICO, JAMES",TX,S,0.0,C,C,0.5337081976916247,50.0,0,0.0,113750.0,10100.0,255265.0,0.0,379115.0,0.012966264284899316,4179126.0
S6TX00552,3861,1439400,"CROCKETT, JASMINE",TX,S,0.0,C,C,0.2533022533022533,25.0,0,0.0,5000.0,4750.0,43801.0,500.0,54051.0,0.0361920143345848,753616.0
S6VA00093,7808,6294817,"WARNER, MARK ROBERT",VA,S,0.0,I,C,0.6349897540983607,25.0,0,1259200.0,73000.0,121569.0,463875.0,337000.0,2254644.0,0.2637176776407308,150080.0
S8GA00180,67956,28592118,"OSSOFF, T. JONATHAN",GA,S,0.0,I,C,0.1674318676790864,25.0,0,7750.0,205158.0,108683.0,573222.0,93500.0,988313.0,0.03341104123871623,72017.0
S8OR00207,4600,2425089,"MERKLEY, JEFFREY ALAN",OR,S,0.0,I,C,0.7745652173913044,15.0,0,5000.0,134500.0,49875.0,315000.0,10000.0,514375.0,0.17498938581999984,120.0
