CAND,NAME,ST,OFF,DIST,ICI,n,median_gift,ca1,ca2,ca3,ca4,ca5,ca6,sp1,sp2,sp3,sp4,cluster,bio,nominate_dim1,nokken_poole_dim1,party_code,chamber,congress,donor,p_nom,p_don,resid
H0IN01150,"MRVAN, FRANK J.",IN,H,1.0,I,860,50.0,-0.4835966979112691,0.392797996356614,-0.0009012448831499,0.0079217621713238,-0.3146731186981824,0.0297824058037454,-0.0138363832307116,0.0075986376772099,-0.0007686774555909,0.0062842587115818,1,M001214,-0.299,-0.28,100.0,House,119.0,0.4835966979112691,0.6417322834645669,0.5905511811023622,0.04027093408851068
H0MA04192,"AUCHINCLOSS, JAKE",MA,H,4.0,I,1038,1000.0,-1.3189725246760111,1.2162417033717976,0.1716006034417048,0.4363249397040047,0.0133192661899587,-0.0872434166936593,-0.0407463419956766,-0.0320150954513286,0.0017543135459989,-0.0046971277011281,2,A000148,-0.272,-0.237,100.0,House,119.0,1.3189725246760111,0.7322834645669292,0.9133858267716536,0.3326514511801958
H0MI03316,"SCHOLTEN, HILLARY",MI,H,3.0,I,1186,50.0,-0.5219960114482514,0.4205683117569495,0.0402646441263588,0.3058921002523343,-0.065112117657398,-0.0089173310907041,-0.0126475760302412,-0.0009384510581517,0.0040642083980038,0.0029066238801347,1,S001221,-0.261,-0.266,100.0,House,119.0,0.5219960114482514,0.7716535433070866,0.6299212598425197,0.03594595878253737
H0NC02125,"ROSS, DEBORAH",NC,H,2.0,I,825,100.0,-0.3068383179528607,0.2141260433124898,-0.1941522972671386,-0.2778364815074036,-0.2511325098153541,0.3789587559905171,-0.0091102972215309,0.0129536660416369,0.0025123720114071,0.0036013931552274,5,R000305,-0.389,-0.351,100.0,House,119.0,0.3068383179528607,0.3858267716535433,0.47244094488188976,0.008226713413447384
H0NM03102,"LEGER FERNANDEZ, TERESA",NM,H,3.0,I,601,33.0,-0.0252115433734615,-0.0925107369327524,-0.1183989849183469,-0.3398694380553625,-0.5093036407457509,-0.1029783672360702,0.0034793588709219,0.0253230401434892,-0.0044218653668276,0.010050731859075,0,L000273,-0.366,-0.396,100.0,House,119.0,0.0252115433734615,0.4645669291338583,0.2755905511811024,-0.21510553122438897
H0NY15160,"TORRES, RITCHIE JOHN",NY,H,15.0,I,1382,500.0,-1.697647237324878,1.5647502711214094,0.1681608062187475,0.6082711153376827,0.7458907726922772,0.0457919634733865,-0.0532419419445564,-0.0479226103177374,0.0047095348373278,-0.0069121750824658,2,T000486,-0.311,-0.293,100.0,House,119.0,1.697647237324878,0.610236220472441,0.968503937007874,0.4288164303688421
H0WA02080,"LARSEN, RICK",WA,H,2.0,I,802,250.0,-0.5227900276898255,0.3673489541144543,0.4362755379431026,-0.3368319213403781,-0.3766363056832444,-0.0426145817244174,-0.0175135126542193,0.0001737921814741,-0.02153055684092,0.0054937979820122,6,L000560,-0.365,-0.396,100.0,House,119.0,0.5227900276898255,0.47244094488188976,0.6377952755905512,0.14445100809135492
H0WA08046,"DELBENE, SUZAN K",WA,H,1.0,I,1315,25.0,-0.3132515542988001,0.1971499491368585,0.0055811472733101,-0.2391950366733601,0.0309772525528342,-0.0925705137818069,-0.0141929331063721,0.0019888874076288,-0.007249395767788,0.002553047269071,6,D000617,-0.296,-0.404,100.0,House,119.0,0.3132515542988001,0.6535433070866141,0.4881889763779528,-0.066063548276456
H0WA10034,"STRICKLAND, MARILYN",WA,H,10.0,I,691,250.0,-0.8796645901809544,0.7392301103138987,0.3461426499059605,-0.0181656388591314,-0.1426472274501287,-0.1325183690138112,-0.0270339339642757,-0.0129488195142105,-0.0166640461688777,0.0025633996668073,6,S001159,-0.443,-0.407,100.0,House,119.0,0.8796645901809544,0.2440944881889764,0.7716535433070866,0.35510664352533233
H2CA13115,"GRAY, ADAM C.",CA,H,13.0,I,1381,100.0,-0.3161332649881625,0.2119721068724294,-0.0781260364581058,-0.1028817972861059,-0.6581287578548272,-0.1226573869536528,-0.006966881961814,0.0232641590289884,0.0011671069253119,0.0137667082938932,1,G000605,-0.235,-0.236,100.0,House,119.0,0.3161332649881625,0.84251968503937,0.49606299212598426,-0.12174597477734217
H2CA31125,"AGUILAR, PETE",CA,H,33.0,I,1057,50.0,-1.2492933604895162,1.1168787032882566,0.1089880977658367,0.3598726228074716,0.3009875455610403,0.015666354256682,-0.0408663315847922,-0.0317878011331663,0.0016868787649033,-0.0033793848368465,2,A000371,-0.328,-0.456,100.0,House,119.0,1.2492933604895162,0.5748031496062992,0.8976377952755905,0.36986712155823065
H2CA36439,"RUIZ, RAUL DR.",CA,H,25.0,I,607,50.0,-0.5182480902297582,0.3904201680769911,0.1551743973283125,0.0948454628906187,-0.4293737689977564,-0.0422809598247899,-0.0097942280786173,0.0009270510765802,-0.0070630143331099,0.0056413085287023,2,R000599,-0.262,-0.379,100.0,House,119.0,0.5182480902297582,0.7637795275590551,0.6220472440944882,0.03072012812821079
H2CA47188,"GARCIA, ROBERT",CA,H,42.0,I,1231,25.0,0.0997760929142626,-0.1359732616371351,0.0864400109255232,-0.2251932133105137,0.0446390881558848,-0.078263800245343,0.0081015906355678,0.0112485980505507,-0.0090587037837245,-0.0001928264220942,0,G000598,-0.373,-0.383,100.0,House,119.0,-0.0997760929142626,0.43700787401574803,0.2125984251968504,-0.26882900938067383
H2FL10259,"FROST, MAXWELL ALEJANDRO",FL,H,10.0,I,2405,25.0,0.3581736149138086,-0.4033491689654022,-0.1007780987769417,-0.1825361908987962,0.3947756203581959,-0.0658719373081633,0.021758299056895,0.01083989983116,7.537801765471578e-05,-0.0027832288481681,0,F000476,-0.442,-0.48,100.0,House,119.0,-0.3581736149138086,0.2559055118110236,0.08661417322834646,-0.3339050041939651
H2FL14053,"FRANKEL, LOIS J.",FL,H,23.0,I,974,20.0,-0.885007330514163,0.7759231808144597,0.0041530580953038,0.1855635763396662,0.7095499918588393,0.0242288379343135,-0.0288722471591965,-0.0237238058251558,0.0036646916780048,-0.0054567518650757,2,F000462,-0.394,-0.424,100.0,House,119.0,0.885007330514163,0.36220472440944884,0.7795275590551181,0.32325788286779034
H2FL22171,"MOSKOWITZ, JARED",FL,H,25.0,I,1460,25.0,-0.9578548234221964,0.863834180110212,0.0120774970729626,0.1956664124709058,0.4538080894318522,0.1109541761752296,-0.0319529793517632,-0.0192766587480794,0.0039749729010617,-0.0026264313431624,2,M001217,-0.227,-0.214,100.0,House,119.0,0.9578548234221964,0.8700787401574803,0.7952755905511811,0.1681979758198876
H2HI02581,"TOKUDA, JILL NAOMI",HI,H,2.0,I,517,100.0,-0.344113981234845,-0.0245375391506607,21.21397967966913,-8.30099303351475,0.3689784047269228,0.2226791936865909,0.0202262153346881,-0.0605340909218886,-0.6017832261530771,-0.001448184724866,6,T000487,-0.455,-0.472,100.0,House,119.0,0.344113981234845,0.20078740157480315,0.5118110236220472,0.10982914185566994
H2IL03162,"RAMIREZ, DELIA",IL,H,3.0,I,750,100.0,0.6343719497849246,-0.927482065047894,1.3838152908931365,3.65522341071733,-0.0283691171753008,0.1762628351983831,0.0832502650608293,-0.0829711056811673,0.0155139222685272,0.0008700900010307,3,R000617,-0.496,-0.496,100.0,House,119.0,-0.6343719497849246,0.10236220472440945,0.031496062992125984,-0.33738350510294013
H2IL10068,"SCHNEIDER, BRADLEY S.",IL,H,10.0,I,1186,125.0,-1.4360826405500906,1.2989697327843297,0.1256176449028379,0.5364178441530062,0.587378936164147,0.2245457509054667,-0.0462026453357931,-0.0414785390010591,0.0058984873347388,-0.0063500196816201,2,S001190,-0.199,-0.315,100.0,House,119.0,1.4360826405500906,0.9606299212598425,0.937007874015748,0.2794761307068482
H2IL13153,"BUDZINSKI, NIKKI",IL,H,13.0,I,1036,250.0,-0.7622676413322306,0.6834301076620061,0.1010739463759168,0.3634827093019357,-0.1531155850931575,0.3091233080856042,-0.0180110669558194,-0.0088064203365758,0.0020768961282846,-0.0002880442922147,2,B001315,-0.317,-0.293,100.0,House,119.0,0.7622676413322306,0.5984251968503937,0.7322834645669292,0.1965682355684546
H2IL17147,"SORENSEN, ERIC",IL,H,17.0,I,792,100.0,-0.4253604038828148,0.3472568268148714,0.0002628925964074,0.1259407376526319,-0.1764290198354078,0.1594766735381748,-0.0093661947564149,0.0024060400773058,0.0025063537348158,0.0018320854313079,2,S001225,-0.24,-0.223,100.0,House,119.0,0.4253604038828148,0.8070866141732284,0.5826771653543307,-0.02321496862732364
H2KY03206,"MCGARVEY, MORGAN",KY,H,3.0,I,717,100.0,-0.0079528032559377,0.0687770896728306,-0.2202665085346475,-0.3717468372802973,-2.581074799355044,-1.2444102158553052,0.0036614761816013,0.028346940001055,0.0010562906188895,-0.004783719498463,0,M001220,-0.486,-0.378,100.0,House,119.0,0.0079528032559377,0.14173228346456693,0.25984251968503935,-0.12227797387855122
H2NC02287,"DAVIS, DON",NC,H,1.0,I,1390,500.0,-0.8652767317435738,0.7433746698509315,-0.0166652212439243,0.1167576730896571,-0.1166755055538481,-0.0091413262026725,-0.0256117963883005,-6.49517089634275e-05,0.0032075511797691,0.0076101956246431,1,D000230,-0.241,-0.209,100.0,House,119.0,0.8652767317435738,0.7952755905511811,0.7637795275590551,0.16185967121795808
H2NM01144,"STANSBURY, MELANIE",NM,H,1.0,I,972,25.0,0.1146178048680849,-0.1908766747337235,-0.1408545221132482,-0.2799860756379831,-0.2333634208723083,-0.0946753587473659,0.0081690577095086,0.0227512973546595,-0.0012621758167753,0.0063044192376438,0,S001218,-0.432,-0.391,100.0,House,119.0,-0.1146178048680849,0.28346456692913385,0.1968503937007874,-0.2329374315494913
H2NM02191,"VASQUEZ, GABRIEL",NM,H,2.0,I,1698,50.0,-0.2260926176030847,0.1224376130810485,-0.1004905662790822,-0.1824928736767942,-0.6035843895321052,-0.1248873213204756,-0.0046807640669238,0.0240750582591827,7.114225999100321e-07,0.0126540799864037,1,V000136,-0.32,-0.342,100.0,House,119.0,0.2260926176030847,0.5905511811023622,0.3937007874015748,-0.13936625650319484
H2NV04011,"HORSFORD, STEVEN ALEXZANDER",NV,H,4.0,I,711,250.0,-0.4968909832563576,0.4811691739956918,0.0172065988491175,0.0489900561050767,-0.4847751551353281,-0.1271723952145795,-0.0132752721197371,0.008251588257985,-0.0006258271624939,0.0063115082821559,1,H001066,-0.311,-0.258,100.0,House,119.0,0.4968909832563576,0.610236220472441,0.6141732283464567,0.07448572170742485
H2NY04244,"GILLEN, LAURA",NY,H,4.0,C,1721,300.0,-0.6666872921021666,0.5616004494138884,-0.0194476834587204,0.0684896396980977,-0.2810837498136248,-0.0641363279296538,-0.0199794877007616,0.0045407349654133,0.0023920372484809,0.0077006665942349,1,G000602,-0.166,-0.166,100.0,House,119.0,0.6666872921021666,0.9763779527559056,0.7086614173228346,0.04583330382652495
H2NY06116,"MENG, GRACE",NY,H,6.0,I,947,800.0,-1.5793625584019286,1.4131929640972536,0.6319230766551107,0.5333752234904154,-0.0600253233235786,-0.1313609893313987,-0.0408614081313002,-0.0373423219605289,-0.0153551011181574,-0.0019472338546405,2,M001188,-0.371,-0.377,100.0,House,119.0,1.5793625584019286,0.44881889763779526,0.952755905511811,0.46735619329372946
H2NY10092,"JEFFRIES, HAKEEM",NY,H,8.0,I,8432,20.0,0.2612330366580159,-0.3100970793384738,-0.1935991593671375,-0.44191209076138,0.488135357438578,-0.0466085119544308,0.0084822634825109,0.0158585761097874,-0.0023690869255215,-0.0031149846198527,0,J000294,-0.483,-0.473,100.0,House,119.0,-0.2612330366580159,0.14960629921259844,0.14173228346456693,-0.24303639519272854
H2NY10308,"GOLDMAN, DANIEL",NY,H,10.0,I,2629,500.0,-1.1329218607858067,0.9951114758644608,0.0726406398586804,0.3421068216122572,0.316018945561171,-0.0427218943009541,-0.0365122956414108,-0.0284279047958225,0.0035859940781031,-0.0031178959803895,2,G000599,-0.448,-0.564,100.0,House,119.0,1.1329218607858067,0.23228346456692914,0.8661417322834646,0.4535671101422677
H2NY13096,"ESPAILLAT, ADRIANO",NY,H,13.0,I,1228,1000.0,-1.8622241378954536,1.701729249667729,0.2755754675614784,0.882287716667367,0.855386561326181,0.0546337662385277,-0.0559457616712353,-0.0600886113556213,0.0058653330781111,-0.0088275985738064,2,E000297,-0.526,-0.443,100.0,House,119.0,1.8622241378954536,0.07874015748031496,0.984251968503937,0.6233169556899856
H2OH01194,"LANDSMAN, GREG",OH,H,1.0,I,1760,300.0,-0.938298981314066,0.8274774522474031,0.0031713322050111,0.1694155612675211,0.0282347181427557,-0.0359895393278188,-0.0309298900163918,-0.0100656135238779,0.003385961279804,0.0036269563195887,2,L000601,-0.226,-0.248,100.0,House,119.0,0.938298981314066,0.8818897637795275,0.7874015748031497,0.15635168243129882
H2OH09031,"KAPTUR, MARCY HON. M.C.",OH,H,9.0,I,1600,100.0,-0.2032539963927058,0.1082553885510356,-0.1228190903345293,-0.2277057163920917,-0.4916527404701252,-0.112890574900678,-0.0056568205753215,0.0237950375092581,0.0006877010500937,0.0123823985556685,1,K000009,-0.34,-0.185,100.0,House,119.0,0.2032539963927058,0.5433070866141733,0.3543307086614173,-0.16284722468112306
H2OH13264,"SYKES, EMILIA",OH,H,13.0,I,1407,100.0,-0.306097782817024,0.2046263688992549,-0.115265887611692,-0.1552524670794444,-0.4186950604084892,-0.0852231472900107,-0.0084742404999462,0.0186652382579282,0.0019356493322659,0.0112220145135788,1,S001223,-0.333,-0.339,100.0,House,119.0,0.306097782817024,0.5551181102362205,0.4645669291338583,-0.056583281849239386
H2OR06066,"SALINAS, ANDREA",OR,H,6.0,I,837,50.0,-0.2063752935282013,0.1001055325667027,-0.0699612264112973,-0.2101911835041754,-0.4673851517218109,-0.1162244429685312,-0.0060415903872219,0.0152111956817359,-0.0022248893928624,0.0082103600499121,1,S001226,-0.227,-0.27,100.0,House,119.0,0.2063752935282013,0.8700787401574803,0.3700787401574803,-0.2569988745738132
H2PA17103,"DELUZIO, CHRISTOPHER",PA,H,17.0,I,1365,50.0,0.0308051219520519,-0.1016686655113531,-0.0515229913882205,-0.037424097409338,-0.3900700769428464,-0.0884371512711227,0.0089687425625358,0.018327528578463,0.0010693938642995,0.0048527045959076,0,D000530,-0.263,-0.301,100.0,House,119.0,-0.0308051219520519,0.7559055118110236,0.23622047244094488,-0.3524584584316276
H2PA18200,"LEE, SUMMER",PA,H,12.0,I,912,35.0,1.010896254835344,-1.2892380638995569,1.3260976093209718,3.468228019967176,-0.0776284032622013,0.0703663771609164,0.0939277230794197,-0.0770580853600785,0.0149632481853991,0.001928459672193,3,L000602,-0.45,-0.561,100.0,House,119.0,-1.010896254835344,0.2204724409448819,0.015748031496062992,-0.3928543130045765
H2RI02184,"MAGAZINER, SETH",RI,H,2.0,I,521,300.0,-1.3754277964200978,1.3732174935469712,0.3666051818825265,0.3268837920508798,-13.394827235494722,-4.706751223281263,-0.0266004995152612,-0.0081631357007938,-0.0071184533782806,-0.0030813979655737,2,M001223,-0.303,-0.25,100.0,House,119.0,1.3754277964200978,0.6299212598425197,0.9212598425196851,0.3749518731463909
H2TX23082,"CUELLAR, HENRY R.",TX,H,28.0,I,634,500.0,-0.7320448917951569,0.6209668274038638,-0.0081327441266917,0.0209531935905274,-0.575902062420574,0.1456831438034071,-0.0197613945637455,0.0101671332027917,8.879667036746138e-05,0.0106100973526137,1,C001063,-0.225,-0.192,100.0,House,119.0,0.7320448917951569,0.8976377952755905,0.7244094488188977,0.08806318625963705
H2TX30178,"CROCKETT, JASMINE",TX,H,30.0,I,4048,25.0,0.5082240229267502,-0.4990405710692688,-0.1313126352040925,-0.2603012228371472,0.7193016568986582,-0.0449349661568912,0.0240081430365285,0.0134603620272422,-0.0007825948678428,-0.0066129271866502,0,C001130,-0.495,-0.482,100.0,House,119.0,-0.5082240229267502,0.1141732283464567,0.05511811023622047,-0.317733735499403
H2TX35144,"CASAR, GREG",TX,H,37.0,O,646,50.0,0.3041151360120717,-0.391052885159639,0.0979280294890771,0.3489450063402334,-0.1482471235086105,-0.0663613085341938,0.0288637685294249,-0.00494757073775,0.0034626821601253,0.0032329381735841,3,C001131,-0.429,-0.528,100.0,House,119.0,-0.3041151360120717,0.2992125984251969,0.11023622047244094,-0.32484797496524753
H2VT01076,"BALINT, REBECCA 'BECCA'",VT,H,0.0,I,700,25.0,0.1556827274791054,-0.2281500189648057,-0.0354350102933325,-0.0011600893268605,-0.0908257380447105,0.0717093987440672,0.0095352321715998,0.0079908245052484,0.0004513324394141,0.000830901062761,0,B001318,-0.442,-0.422,100.0,House,119.0,-0.1556827274791054,0.2559055118110236,0.18110236220472442,-0.23941681521758718
H2WA03217,"GLUESENKAMP PEREZ, MARIE",WA,H,3.0,I,1647,50.0,-0.4963557107162561,0.3884042816222643,-0.0709569254611449,-0.0842432621783088,-0.4611386340341931,-0.0163861610205158,-0.0153637533247756,0.0147079539550957,0.0010027032419041,0.0109608639550343,1,G000600,-0.099,-0.141,100.0,House,119.0,0.4963557107162561,1.0,0.6062992125984252,-0.06447345617899902
H4AZ03109,"ANSARI, YASSAMIN",AZ,H,3.0,I,722,250.0,-0.2129454025768374,0.0657979277674461,0.1422806303353216,0.1938497978497241,-0.6786571094615165,-0.1025822140764596,0.006213626276147,0.0054499530316039,-0.0029234909397687,0.006877716040556,7,A000381,-0.428,-0.422,100.0,House,119.0,0.2129454025768374,0.3110236220472441,0.3779527559055118,-0.06110371717273405
H4CA12055,"KHANNA, ROHIT",CA,H,17.0,I,3932,25.0,0.0642816273070667,-0.2309507022997453,0.2956712000650254,0.7776500894129538,-0.0805563324033851,0.0234732205016265,0.0232247314168423,-0.0121552069007423,0.0032462679330696,0.0036979937391151,3,K000389,-0.458,-0.374,100.0,House,119.0,-0.0642816273070667,0.1889763779527559,0.2283464566929134,-0.16966314743290659
H4CA12154,"SIMON, LATEEFAH",CA,H,12.0,I,748,250.0,0.3283028795474311,-0.5085341491549841,0.6191778639667151,1.6607328358178344,-0.4996854517314154,0.0189686942452632,0.0434439662885588,-0.029468770992132,0.0071093453934259,0.0045634794951921,3,S001231,-0.603,-0.6,100.0,House,119.0,-0.3283028795474311,0.023622047244094488,0.09448818897637795,-0.2479095281816392
H4CA16049,"LOFGREN, ZOE",CA,H,18.0,I,728,25.0,0.0155616962598735,-0.1081884240637394,-0.0826422014998293,-0.207711387410287,0.0231444903151079,-0.0802762032532685,0.0048772914082877,0.0148170886934847,-0.0019104258848695,0.003282328290194,0,L000397,-0.396,-0.338,100.0,House,119.0,-0.0155616962598735,0.35039370078740156,0.25196850393700787,-0.20032889460976244
H4CA16197,"LICCARDO, SAM T.",CA,H,16.0,I,655,1000.0,-0.5494740778398696,0.406649688442854,0.0974767764450745,0.2679202843633728,-0.6141533278960822,-0.0642145578375284,-0.0128034384345074,0.0014760444647068,-0.0008892948317213,0.006726124702109,1,L000607,-0.346,-0.343,100.0,House,119.0,0.5494740778398696,0.5196850393700787,0.6692913385826772,0.16005796052125165
H4CA27111,"WHITESIDES, GEORGE",CA,H,27.0,I,1520,50.0,-0.2868519173815868,0.1959047759005182,-0.0405119743673427,-0.0603334536228107,-0.4109604678000937,-0.058407628702189,-0.0059246820998487,0.014541570197872,-0.0002670587829826,0.0074026189668626,1,W000830,-0.204,-0.202,100.0,House,119.0,0.2868519173815868,0.9448818897637795,0.4566929133858268,-0.19554245973566325
H4CA33119,"LIEU, TED",CA,H,36.0,I,578,500.0,-1.6267480551802502,1.4669344624617442,0.2957375862950517,0.5775444439963721,0.6465771227424226,0.0716519581763791,-0.0532837835718632,-0.051979070951523,0.0005948007665991,-0.0069972285275791,2,L000582,-0.37,-0.368,100.0,House,119.0,1.6267480551802502,0.4566929133858268,0.9606299212598425,0.47258202394805604
H4CA45170,"TRAN, DEREK",CA,H,45.0,I,2183,100.0,-0.239059307620293,0.1388651801719245,0.0064216093901323,-0.0616507134611523,-0.6304113329833816,-0.1146989064943072,-0.0029725798954645,0.0203545277862767,-0.001670242043482,0.0116909389176009,1,T000491,-0.233,-0.231,100.0,House,119.0,0.239059307620293,0.8543307086614174,0.4015748031496063,-0.22020644139427742
H4CA47085,"MIN, DAVE",CA,H,47.0,I,1690,100.0,-0.2393144710526473,0.1285869041737336,0.0637087493692265,-0.0784332749298666,-0.5875385541732597,-0.1148012291858287,-0.0017684738655979,0.0166546500660098,-0.0045350935483498,0.0103074634363901,1,M001241,-0.207,-0.208,100.0,House,119.0,0.2393144710526473,0.937007874015748,0.4094488188976378,-0.24013836913014736
H4DE00045,"MCBRIDE, SARAH ELIZABETH",DE,H,0.0,I,3171,30.0,-0.0372347599722446,-0.0206419850340403,-0.0475457846422096,-0.0672426406217193,-0.094747465319428,-0.015579753603842,0.0041672050050997,0.0091208344506597,-0.0002673179235127,-0.0004371204670663,0,M001238,-0.267,-0.265,100.0,House,119.0,0.0372347599722446,0.7401574803149606,0.29133858267716534,-0.29204397800799736
H4FL20023,"WASSERMAN SCHULTZ, DEBBIE",FL,H,20.0,I,1372,500.0,-1.5397146464889917,1.398498794950903,0.133569669135465,0.5052151042087637,0.814974526347309,0.0883563931769583,-0.0501815665137991,-0.0441858710483827,0.0043463991832109,-0.0066121608582298,2,W000797,-0.412,-0.366,100.0,House,119.0,1.5397146464889917,0.33858267716535434,0.9448818897637795,0.4965567688575665
H4MA03022,"MCGOVERN, JAMES P",MA,H,2.0,I,548,50.0,-0.0087255635292621,-0.0503833760762804,0.0792207218526178,0.1675518586906285,-0.2188811191747951,-0.1152468010447761,0.0013316746623365,-0.0001461896025451,-0.0031272461299657,-0.0006600315077329,0,M000312,-0.538,-0.449,100.0,House,119.0,0.0087255635292621,0.07086614173228346,0.2677165354330709,-0.09057029228717561
H4MA05084,"CLARK, KATHERINE",MA,H,5.0,I,695,25.0,-1.1276355151672413,1.007638071287824,0.0799440738167223,0.3601527469004871,0.2966460524662579,-0.0112048401363968,-0.0377355081469125,-0.0315976559234247,0.004060470282897,-0.0046339562020123,2,C001101,-0.478,-0.486,100.0,House,119.0,1.1276355151672413,0.15748031496062992,0.8582677165354331,0.4708508527844327
H4MD03156,"ELFRETH, SARAH KELLY",MD,H,3.0,I,506,250.0,-0.6509597736669269,0.5047563035823213,0.3476330933526577,0.0809817735754885,-0.3627766643380146,-0.1740665374644207,-0.0166037855380228,-0.0055892494524475,-0.012604648384983,0.0034539951698324,4,E000301,-0.373,-0.382,100.0,House,119.0,0.6509597736669269,0.43700787401574803,0.7007874015748031,0.2193599669972789
H4MI08218,"MCDONALD RIVET, KRISTEN",MI,H,8.0,I,2002,250.0,-0.391053017104646,0.2962363324393489,-0.0183666796094093,0.0773263734572212,-0.5176760976749383,-0.0937132126764358,-0.0080363199447911,0.0155823476877953,0.0018911362555525,0.0098514258920523,1,M001237,-0.244,-0.242,100.0,House,119.0,0.391053017104646,0.7874015748031497,0.5354330708661418,-0.06383860038125033
H4MO01134,"BELL, WESLEY",MO,H,1.0,I,1987,1000.0,-1.994933132314575,1.835039890209171,0.2063301804430286,0.7761121491207806,1.1748356789942265,0.1808989884453178,-0.0641899853187689,-0.0632790993927323,0.0075269690598837,-0.0101603354772192,2,B001324,-0.455,-0.472,100.0,House,119.0,1.994933132314575,0.20078740157480315,1.0,0.5980181182336227
H4NH02399,"GOODLANDER, MAGGIE",NH,H,2.0,I,1512,500.0,-0.5270514812028044,0.4303688108780473,-0.0176144580979178,0.0222643945497,-0.5110041024613252,-0.1701618583539744,-0.0143241423624712,0.0023078120026955,0.0008930869914353,0.002228771960326,4,G000604,-0.21,-0.208,100.0,House,119.0,0.5270514812028044,0.9291338582677166,0.6456692913385826,-0.0012697115954976024
H4NJ09194,"POU, NELIDA",NJ,H,9.0,I,1008,500.0,-0.5346862876227843,0.4334917850142799,-0.000195789312725,0.0987785253643788,-0.4757040836542179,-0.0929947944959107,-0.0138200928266119,0.0092441285328921,0.0017131333157895,0.0092484263762554,1,P000621,-0.308,-0.305,100.0,House,119.0,0.5346862876227843,0.6220472440944882,0.6614173228346457,0.11775753855505644
H4NJ10176,"MCIVER, LAMONICA",NJ,H,10.0,I,804,100.0,0.1848855622750271,-0.2433060630822072,0.1289600111866473,0.1660452627045702,-0.0242988270012884,-0.0644545218971851,0.0196607023704217,0.0028027686784251,-0.0035945652975203,2.225991960214596e-06,0,M001229,-0.539,-0.552,100.0,House,119.0,-0.1848855622750271,0.06299212598425197,0.16535433070866143,-0.19028431191788017
H4NY22085,"MANNION, JOHN W",NY,H,22.0,I,1219,100.0,-0.2020148450337327,0.1137808632433048,-0.109202282002611,-0.1564734860932275,-0.4726199323227612,-0.1124905285487772,-0.0048910283410578,0.0181968131613224,0.0012824095279174,0.0079527944997975,1,M001231,-0.238,-0.239,100.0,House,119.0,0.2020148450337327,0.8267716535433071,0.3464566929133858,-0.2660559038025308
H4NY26078,"KENNEDY, TIMOTHY",NY,H,26.0,I,771,1000.0,-1.2021174328508972,1.1716936177823496,0.1377722626829576,0.4290029161221843,-0.1598004124166085,-0.0841627404435915,-0.0366379842835568,-0.0252526322597947,0.0013310340633142,-0.0034393333262813,2,K000402,-0.385,-0.386,100.0,House,119.0,1.2021174328508972,0.39763779527559057,0.8818897637795275,0.4137032546705278
H4OR05304,"BYNUM, JANELLE",OR,H,5.0,I,1699,100.0,-0.2154361609577509,0.1563654403886363,-0.0792653212524157,-0.1648109750615772,-0.5791947096103256,-0.1069229973070385,-0.0046997121071847,0.0221044945379703,-0.0001345728775914,0.0100392993210035,1,B001326,-0.288,-0.286,100.0,House,119.0,0.2154361609577509,0.6850393700787402,0.3858267716535433,-0.1790184933756851
H4RI01265,"AMO, GABRIEL F",RI,H,1.0,I,962,500.0,-1.0575669297514108,1.1155188438288783,0.2763532659748029,0.2555080164679778,-7.575203238360212,-2.630555693083673,-0.0236440545860857,-0.0059727982134965,-0.0067948922332243,-0.0035998869992775,2,A000380,-0.426,-0.358,100.0,House,119.0,1.0575669297514108,0.3228346456692913,0.8346456692913385,0.39161691857253533
H4TX09095,"GREEN, ALEXANDER",TX,H,18.0,I,574,500.0,0.8518284895252947,-0.9963660861672542,0.8692629796577409,2.418776912830644,0.1606044740593151,0.0528463543453553,0.07319989910011,-0.0554192661364152,0.013159688038114,-0.0021147947895797,3,G000553,-0.448,-0.517,100.0,House,119.0,-0.8518284895252947,0.23228346456692914,0.023622047244094488,-0.3889525748971024
H4VA07234,"VINDMAN, YEVGENY 'EUGENE'",VA,H,7.0,I,7916,25.0,0.2288489456937834,-0.2949581047302667,-0.2007915457875156,-0.424946170178015,0.2139180680085227,-0.0485286174208271,0.0089795165534169,0.0219321332649585,-0.0007720029021893,0.0006949429559949,0,V000138,-0.174,-0.175,100.0,House,119.0,-0.2288489456937834,0.968503937007874,0.15748031496062992,-0.5026996134419748
H4VA08224,"BEYER, DONALD STERNOFF JR.",VA,H,8.0,I,749,250.0,-0.272532086938926,0.1765587757031312,-0.0495258829945765,-0.106428146717194,-0.7533709835818249,-0.2252556309617795,-0.0042982330229865,0.0108875853389944,-0.0024436832657943,0.0023805392911265,4,B001292,-0.392,-0.385,100.0,House,119.0,0.272532086938926,0.37401574803149606,0.4409448818897638,-0.019297071938121246
H4VA10279,"SUBRAMANYAM, SUHAS",VA,H,10.0,I,535,250.0,-0.4126489655281176,0.2832837673502601,0.0144598945238716,-0.0345642524021674,-0.6022038886671433,-0.0656071835337204,-0.0091204947382492,0.0111287106446853,-0.0043694699454695,0.0035785135661418,4,S001230,-0.238,-0.237,100.0,House,119.0,0.4126489655281176,0.8267716535433071,0.5669291338582677,-0.045583462857648915
H4WA06117,"RANDALL, EMILY",WA,H,6.0,I,784,25.0,-0.1939274900727434,0.0478468511360053,-0.0050854683350945,-0.2343010262920724,-0.165413676443973,-0.0666030972504849,-0.0078429168847534,0.0071202643280495,-0.0076575756134842,0.0067354374012105,6,R000621,-0.572,-0.569,100.0,House,119.0,0.1939274900727434,0.03937007874015748,0.33858267716535434,-0.00911141018007261
H6AZ07121,"GRIJALVA, ADELITA",AZ,H,7.0,I,1044,100.0,0.1327674145146756,-0.1967446143842131,0.0245776652555874,0.1314780683229895,-0.3361150552169518,-0.0506726219308912,0.0192086819460659,0.0081498042969823,0.0013584689817713,0.0027487225728991,7,G000606,-0.497,-0.489,100.0,House,119.0,-0.1327674145146756,0.09448818897637795,0.1889763779527559,-0.1772550050486053
H6CA20152,"PANETTA, JIMMY",CA,H,19.0,I,935,500.0,-1.2908146989090248,1.1417002354349504,0.0957854591206485,0.3915622227454662,0.1244614496228681,0.0339538830944707,-0.038998837495142,-0.0237461555716123,0.0027257867191122,0.0007731652751932,2,P000613,-0.279,-0.241,100.0,House,119.0,1.2908146989090248,0.7086614173228346,0.905511811023622,0.3327219907132789
H6CA24113,"SHERMAN, BRAD",CA,H,32.0,I,837,1000.0,-1.9932397224071767,1.826512306536088,0.2233989871821184,0.7828011932298732,1.0574298053308109,0.1465063878694924,-0.066109801924252,-0.06610169548746,0.0070919168481774,-0.0100922256266877,2,S000344,-0.345,-0.5,100.0,House,119.0,1.9932397224071767,0.5275590551181102,0.9921259842519685,0.48024442109683796
H6FL11126,"CASTOR, KATHY",FL,H,14.0,I,1009,250.0,-0.3324345219770158,0.2625950370576671,-0.1127095031325594,-0.1720000484106816,-0.4706244854653952,-0.1362918011764757,-0.0101795454483645,0.0177373968511469,0.0009066505974285,0.008309281502136,1,C001066,-0.434,-0.572,100.0,House,119.0,0.3324345219770158,0.2755905511811024,0.5039370078740157,0.07679736771744194
H6IL08147,"KRISHNAMOORTHI, S. RAJA",IL,H,8.0,I,746,2000.0,-1.0301325708919653,0.8700830565668947,0.4857743849468414,1.2127530477909103,0.5501300798567068,0.8900469881173252,-0.0122010349807388,-0.0265724460713912,0.0025692300163111,-0.0049539524024191,2,K000391,-0.349,-0.463,100.0,House,119.0,1.0301325708919653,0.5078740157480315,0.8188976377952756,0.31363653737440733
H6MD08457,"RASKIN, JAMIE",MD,H,8.0,I,6187,25.0,0.2533411512652948,-0.3151859133890681,-0.1551417963830731,-0.3435184612567252,0.255568261083946,-0.0924879474454116,0.0119621615267289,0.0172407238646741,-0.0015019984794992,-0.0005105624282396,0,R000606,-0.494,-0.415,100.0,House,119.0,-0.2533411512652948,0.12598425196850394,0.14960629921259844,-0.22721782416358233
H6NJ05171,"GOTTHEIMER, JOSH",NJ,H,5.0,I,1228,1000.0,-1.7747922544260497,1.617989012970444,0.1876043653774226,0.6598326140077346,0.7112508846049811,0.0639501171394967,-0.0572017828133397,-0.0516773273757749,0.0054813519744737,-0.0066075620538512,2,G000583,-0.165,-0.208,100.0,House,119.0,1.7747922544260497,0.984251968503937,0.9763779527559056,0.3109016541658911
H6NJ11286,"MEJIA, ANALILIA",NJ,H,11.0,I,1032,250.0,0.4130024098958397,-0.6039982634211821,0.6905453437078349,1.7482045799788717,-0.3725706770469063,-0.0953876663826914,0.052606057275616,-0.0371818837067441,0.0059827076801596,0.0038063417275038,3,M001246,-0.423,-0.428,100.0,House,119.0,-0.4130024098958397,0.33070866141732286,0.07086614173228346,-0.37481079408022466
H6NV04020,"LEE, SUSIE",NV,H,3.0,I,1604,500.0,-0.7670430210352204,0.657424759731513,0.0053106395250743,0.0971108779343395,-0.2289211646055989,-0.0480964611814087,-0.0215382335635356,0.0032002710403551,0.0014641339090349,0.0078519678218362,1,L000590,-0.225,-0.205,100.0,House,119.0,0.7670430210352204,0.8976377952755905,0.7401574803149606,0.10381121775570001
H6NY03247,"SUOZZI, THOMAS",NY,H,3.0,I,1914,500.0,-1.074908429871849,0.943895664390379,0.0900760731126705,0.3524341860950469,-0.0290860225712067,0.054996312436007,-0.0312374559579766,-0.016417105403273,0.002927007207836,0.0023217500086196,2,S001201,-0.213,-0.182,100.0,House,119.0,1.074908429871849,0.9212598425196851,0.84251968503937,0.19822886719899468
H6TX15162,"GONZALEZ, VICENTE",TX,H,34.0,I,943,1000.0,-0.602692834002136,0.4952106269416429,-0.0603665302973431,-0.0054381234249596,-0.5206085495485865,-0.070949460955364,-0.0166106356281315,0.0150624789421929,0.0024737977437801,0.0123066418647999,1,G000581,-0.385,-0.287,100.0,House,119.0,0.602692834002136,0.39763779527559057,0.6929133858267716,0.22472687671777192
H6TX18232,"MENEFEE, CHRISTIAN",TX,H,18.0,C,1695,500.0,0.2739805379786919,-0.2585559867988559,0.0050341325385276,0.1445583895931545,0.1840928884054028,0.0084060179948063,0.0209291361314226,0.0004087945653203,0.0029337128409809,-0.0033917496148321,0,M001245,-0.567,-0.556,100.0,House,119.0,-0.2739805379786919,0.047244094488188976,0.12598425196850394,-0.22435802047062786
H6VA11066,"WALKINSHAW, JAMES",VA,H,11.0,I,1120,250.0,-0.4002739935517955,0.2903845804128478,-0.0532736762595735,-0.1687384334018272,-0.5955209158190059,-0.2444019581567501,-0.0114467578342197,0.0058366376946566,-0.00333503513647,0.0019961944616597,4,W000831,-0.428,-0.423,100.0,House,119.0,0.4002739935517955,0.3110236220472441,0.5433070866141733,0.1042506135359274
H6WA07458,"JAYAPAL, PRAMILA",WA,H,7.0,I,1537,25.0,0.3685223814995605,-0.4947487413152608,0.1290134836054171,0.2961318367562593,0.2526576599212007,-0.0586203657270609,0.0295426113470878,-0.005654936238752,-0.0006164587249704,0.0016224163458304,0,J000298,-0.607,-0.434,100.0,House,119.0,-0.3685223814995605,0.015748031496062992,0.07874015748031496,-0.2610093745839973
H6WA09025,"SMITH, D. ADAM",WA,H,9.0,I,899,250.0,-0.9912260434801544,0.838615563295164,0.2415685372946519,0.0746588347135845,-0.1804181706171183,-0.1659675629649817,-0.0314067525229008,-0.017047323536872,-0.0099292648906233,0.0014331966079921,6,S000510,-0.291,-0.366,100.0,House,119.0,0.9912260434801544,0.6692913385826772,0.8110236220472441,0.2514747272054254
H8AZ09040,"STANTON, GREG",AZ,H,4.0,I,1033,250.0,-0.4179018373925873,0.2938834009777164,0.0244963268071054,0.0690059690643924,-0.872204181827772,-0.1025141755599204,-0.0053268633290658,0.0079296331180378,-0.0013288101886533,0.0064195412664879,7,S001211,-0.281,-0.27,100.0,House,119.0,0.4179018373925873,0.7007874015748031,0.5748031496062992,0.004661514389661003
H8CA01109,"THOMPSON, MIKE MR.",CA,H,4.0,I,1693,250.0,-0.4116258046355953,0.3024860319556044,-0.024450589508766,-0.0284445129034123,-0.8816330452282367,-0.0852369494917449,-0.0112131679661081,0.0069942803240816,-0.0007932893022845,0.0067516489216442,3,T000460,-0.392,-0.335,100.0,House,119.0,0.4116258046355953,0.37401574803149606,0.5590551181102362,0.0988131642823512
H8CA05035,"PELOSI, NANCY",CA,H,11.0,I,2710,25.0,0.2966272382844554,-0.3692808264655417,-0.2227401788889399,-0.4602725234118723,0.540581924839135,-0.0460683187488749,0.0127283481943688,0.0193174817638114,-0.0009759954646046,-0.0015651028425856,0,P000197,-0.489,-0.467,100.0,House,119.0,-0.2966272382844554,0.13385826771653545,0.11811023622047244,-0.2613620722494132
H8CA10126,"HARDER, JOSH",CA,H,9.0,I,1602,100.0,-0.1007860653847257,0.0061576586593737,-0.0621952207935249,-0.1145938829976278,-0.3245705930514482,-0.0698717386457924,-2.5273293518324832e-05,0.0179538743344172,-0.0006613263432793,0.0083963320664412,1,H001090,-0.295,-0.229,100.0,House,119.0,0.1007860653847257,0.6614173228346457,0.31496062992125984,-0.24194007982685395
H8CA49058,"LEVIN, MIKE",CA,H,49.0,I,1662,50.0,-0.4115431693872541,0.3047375498929753,0.00170933236112,-0.0202350092585272,-0.3999619296911188,-0.0967259489189244,-0.0101670869777949,0.0087443995990416,-0.0013671205242339,0.0070687511054756,1,L000593,-0.323,-0.302,100.0,House,119.0,0.4115431693872541,0.5826771653543307,0.5511811023622047,0.02076224355113998
H8CO02160,"NEGUSE, JOSEPH",CO,H,2.0,I,1043,50.0,-0.6840952903240343,0.5815921546527932,-0.0032245642313064,0.0597858223002929,-0.0252458639394934,0.1113871760215608,-0.0223065502297094,-0.0103333151635127,0.0004312268174707,-0.0001817039982092,5,N000191,-0.431,-0.475,100.0,House,119.0,0.6840952903240343,0.29133858267716534,0.7165354330708661,0.2840994227268825
H8CO06229,"CROW, JASON",CO,H,6.0,I,1842,25.0,0.0196021659621609,-0.0644985576804592,-0.1297926725620499,-0.2470949749886179,-0.1044505825909209,0.0391399369212817,0.0046232514303443,0.0165732487891024,-0.0001056876530293,0.0012636145585669,5,C001121,-0.361,-0.401,100.0,House,119.0,-0.0196021659621609,0.484251968503937,0.2440944881889764,-0.25322205695077715
H8CO07045,"PETTERSEN, BRITTANY LOUISE",CO,H,7.0,I,730,25.0,-0.4857925132770389,0.3871591837759461,-0.0926248957071465,-0.1099347273582145,-0.3696939326665722,0.3587313777020094,-0.0138226445341647,0.0050563032339128,0.0007259371642636,0.0026236695430578,5,P000620,-0.376,-0.389,100.0,House,119.0,0.4857925132770389,0.41732283464566927,0.5984251968503937,0.12361822500713182
H8CT01046,"LARSON, JOHN B",CT,H,1.0,I,823,500.0,-1.394154767945805,1.2579094420988512,0.1356806200308155,0.4987566956952885,0.0970317902165271,-0.0297248446517938,-0.0451894074319734,-0.0396192597123556,0.004717744934054,-0.0053253077171996,2,L000557,-0.396,-0.379,100.0,House,119.0,1.394154767945805,0.35039370078740156,0.9291338582677166,0.47683645972094624
H8CT05245,"HAYES, JAHANA",CT,H,5.0,I,538,25.0,-0.2521361995555294,0.1625533672093703,-0.0430067840816442,-0.1130205476077586,-0.5307735486432251,-0.0674442151493368,-0.0052567763717191,0.0203528563210644,-0.0001193998343587,0.0113392124394523,1,H001081,-0.341,-0.373,100.0,House,119.0,0.2521361995555294,0.5354330708661418,0.4251968503937008,-0.08933289785513465
H8IL06139,"CASTEN, SEAN",IL,H,6.0,I,885,25.0,-0.5610371527245053,0.4647744090041771,0.0197499750835372,0.2532469151027542,-0.0539776632300362,0.4348596725417538,-0.0113678926544381,-0.0041981281099372,0.0042413403550566,-0.000501880988595,2,C001117,-0.625,-0.523,100.0,House,119.0,0.5610371527245053,0.007874015748031496,0.6850393700787402,0.3479380231081328
H8IL14067,"FOSTER, G. WILLIAM (BILL)",IL,H,11.0,I,829,100.0,-0.3852234180880633,0.2834178230676152,-0.0029013543246116,0.1441031138859455,-0.0862528773363665,0.1991686020998144,-0.0069635379414408,0.0010427035002404,0.0030170543042559,0.0017280526872685,2,F000454,-0.238,-0.3,100.0,House,119.0,0.3852234180880633,0.8267716535433071,0.5275590551181102,-0.08495354159780644
H8IL14174,"UNDERWOOD, LAUREN",IL,H,14.0,I,1276,25.0,-0.2396776373330123,0.1984133042266256,0.0415670449580869,0.1753776882344704,-0.2070115223865553,0.1548047206439671,-0.0009512922672907,0.0034591488450267,0.0015457201537272,-0.0003853011614343,2,U000040,-0.597,-0.547,100.0,House,119.0,0.2396776373330123,0.031496062992125984,0.41732283464566927,0.07227693239394722
H8KS03155,"DAVIDS, SHARICE",KS,H,3.0,I,2310,25.0,0.2694665823203815,0.15250539694754,-0.1994340289332439,-0.3201077876021434,-1.68617427779191,6.3736993586364585,0.0045394029961217,0.0233083345357035,0.001732055861313,-0.0242302516157312,5,D000629,-0.265,-0.227,100.0,House,119.0,-0.2694665823203815,0.7480314960629921,0.13385826771653545,-0.4521724780623322
H8MA07032,"PRESSLEY, AYANNA",MA,H,7.0,I,883,25.0,0.6132972243512215,-0.5625193138570478,0.4933803323162218,1.224819347438281,-0.0366707125136296,-0.0935538936569332,0.0511273122337081,-0.0310198371043309,0.0045073609517045,-0.0073508084806082,3,P000617,-0.375,-0.444,100.0,House,119.0,-0.6132972243512215,0.4251968503937008,0.03937007874015748,-0.43808507819680936
H8ME02185,"GOLDEN, JARED",ME,H,2.0,I,1115,200.0,-0.5586418403822385,0.444223032690818,-0.0597836083635029,0.0092476673307958,-0.0958345332387818,-0.0530831685162406,-0.0189155843238633,0.0030939504627315,0.0029305675805692,0.0056641290880423,1,G000592,-0.106,-0.127,100.0,House,119.0,0.5586418403822385,0.9921259842519685,0.6771653543307087,0.009040870646989219
H8MI13250,"TLAIB, RASHIDA",MI,H,12.0,I,2083,20.0,1.0407990648617669,-1.339046501388116,1.1000948069911365,2.9299832143315205,0.2667760084362953,0.0158104347419018,0.0911162599953491,-0.0701392398211598,0.0136302767011942,0.0019765806893072,3,T000481,-0.29,-0.433,100.0,House,119.0,-1.0407990648617669,0.6771653543307087,0.007874015748031496,-0.5543230641874921
H8NY15148,"OCASIO-CORTEZ, ALEXANDRIA",NY,H,14.0,I,31016,20.0,0.4966309823946363,-0.5478271596125599,-0.0590466891071655,-0.1052834315852104,0.4836700497572092,-0.0355831367252583,0.0292049061051475,0.0083267257194118,-0.0003186298993535,-0.0036788836870169,0,O000172,-0.333,-0.464,100.0,House,119.0,-0.4966309823946363,0.5551181102362205,0.06299212598425197,-0.4581580849988457
H8NY19223,"RYAN, PATRICK",NY,H,18.0,I,1611,50.0,-0.529180416805494,0.4225562504775806,-0.0158149856198692,0.0400417531813101,-0.409380531875666,-0.1012451005666087,-0.014975905098573,0.0026855241094961,0.0007633361883384,0.0037811816096391,2,R000579,-0.225,-0.194,100.0,House,119.0,0.529180416805494,0.8976377952755905,0.6535433070866141,0.01719704452735349
H8NY22177,"RILEY, JOSH",NY,H,19.0,I,2201,50.0,-0.3089487122952538,0.250513134963319,-0.0597924750459566,-0.0445877427349891,-0.3891254318864379,-0.1029839080094476,-0.0088212366153709,0.0122966976507135,0.0016213816845532,0.0063331442033496,1,R000622,-0.202,-0.203,100.0,House,119.0,0.3089487122952538,0.952755905511811,0.48031496062992124,-0.1745685975852736
H8NY25105,"MORELLE, JOSEPH D",NY,H,25.0,I,591,250.0,-1.103102691284202,0.972974293054388,0.1933656249968656,0.2586386506689043,-0.4406678906489514,-0.0838928115035894,-0.0324093182538152,-0.0176123171372286,-0.0049319329016658,0.0009517555319412,2,M001206,-0.331,-0.312,100.0,House,119.0,1.103102691284202,0.5669291338582677,0.8503937007874016,0.32527121216374666
H8PA04116,"DEAN, MADELEINE",PA,H,4.0,I,528,50.0,-0.1544324269109212,0.1163274732509326,-0.0212638685879553,-0.0323206139371891,-0.8272454699538304,-0.2301233875349186,-0.0008290435129369,0.0182140159140746,-0.0013077956461004,0.004536493339388,4,D000631,-0.436,-0.442,100.0,House,119.0,0.1544324269109212,0.2677165354330709,0.3228346456692913,-0.10165680939357763
H8PA06087,"HOULAHAN, CHRISSY",PA,H,6.0,I,648,50.0,-0.2562607723747993,0.2562256253594853,-0.0509940658168892,-0.0930811611910558,-0.7184099156461864,-0.1935983538801654,-0.0071180031539887,0.015201757751241,-0.001190545836853,0.0028104639005409,4,H001085,-0.258,-0.246,100.0,House,119.0,0.2562607723747993,0.7795275590551181,0.4330708661417323,-0.16355262001195492
H8PA07200,"SCANLON, MARY GAY",PA,H,5.0,I,562,100.0,-0.0652908464205589,0.2610121702309403,-0.0200420359840832,-0.1462199554899282,-1.259557251773929,-0.4044549875681137,-0.0008972286926078,0.0243744469161218,-0.0032647571847844,0.0001515311248934,4,S001205,-0.46,-0.552,100.0,House,119.0,0.0652908464205589,0.18110236220472442,0.30708661417322836,-0.08827480485888672
H8WA08189,"SCHRIER, KIM DR.",WA,H,8.0,I,1589,50.0,-0.2062407675331484,0.0715652831711586,-0.0392399063630694,-0.2956712451409125,-0.0872084673991145,-0.0812201743248333,-0.0090582801141325,0.0090218099488908,-0.0076708410295618,0.0064644427037946,6,S001216,-0.275,-0.232,100.0,House,119.0,0.2062407675331484,0.7165354330708661,0.36220472440944884,-0.21323328099459915
S0CO00575,"HICKENLOOPER, JOHN W.",CO,S,0.0,I,4064,25.0,-0.274558079173996,0.2077304066571965,-0.0980232697470575,-0.1584482841134356,-0.0067513613704794,0.0248290760827706,-0.0106066496559419,0.0031037029685369,0.0004061613693233,-0.0016730479047167,5,H000273,-0.299,-0.318,100.0,Senate,119.0,0.274558079173996,0.6417322834645669,0.44881889763779526,-0.10146134937605622
S0DE00092,"COONS, CHRISTOPHER A.",DE,S,0.0,I,1202,50.0,-0.974979122123865,0.8493262279807521,0.1154762744481583,0.1603063599519242,-0.1002379568570024,-0.0703226818807411,-0.0337599654684459,-0.0216376885317643,-0.0016773207389123,-0.0027284508122443,2,C001088,-0.24,-0.262,100.0,Senate,119.0,0.974979122123865,0.8070866141732284,0.8031496062992126,0.1972574723175583
S0NM00058,"LUJAN, BEN RAY",NM,S,0.0,I,2333,10.0,-0.028163814241404,-0.0597962462686747,-0.1288790724451504,-0.2967341306148962,0.0326993591037178,-0.0390363008823277,-0.0006202987609565,0.0140390667251968,-0.0021375226600422,0.0023771160514006,0,L000570,-0.38,-0.471,100.0,Senate,119.0,0.028163814241404,0.4094488188976378,0.28346456692913385,-0.18869421982042317
S4MA00028,"MARKEY, EDWARD SEN.",MA,S,0.0,I,2098,25.0,0.0923778619697131,-0.1681893903924852,-0.0592827474109401,-0.0649305895761754,-0.0930037118968333,-0.1240638768438942,0.0086166072884232,0.0080872281566578,0.0008610894460833,-0.000236843807042,0,M000133,-0.518,-0.751,100.0,Senate,119.0,-0.0923778619697131,0.08661417322834646,0.2204724409448819,-0.14311075696277442
S4NJ00185,"BOOKER, CORY A.",NJ,S,0.0,I,12996,25.0,0.1056912663382674,-0.1752747373285043,-0.1709902608359538,-0.3287097415202443,0.3834111922633821,-0.0070512316014908,0.0017596145304034,0.0081809354178051,0.0004583791076489,-0.0025643386387714,0,B001288,-0.556,-0.494,100.0,Senate,119.0,-0.1056912663382674,0.05511811023622047,0.2047244094488189,-0.1482660480840178
S6IL00474,"KELLY, ROBIN",IL,S,,O,821,250.0,-0.7915818923619525,0.7806051168482561,0.3742908329175216,1.1390895459405594,0.4516840614070941,0.2500767265438856,-0.0048143401213435,-0.032017207098304,0.0057384681876261,-0.0088293200939982,2,K000385,-0.474,-0.493,100.0,House,119.0,0.7915818923619525,0.16535433070866143,0.7480314960629921,0.35796644721828685
S6IL00482,"KRISHNAMOORTHI, S",IL,S,,O,4713,500.0,-0.8593067229843901,0.7150734710163611,0.3611663482558971,0.8380874323073804,0.3156496793624468,0.5320970222319437,-0.0152272682542677,-0.0234326051540827,0.0011487498500086,-0.0038403937109982,2,K000391,-0.349,-0.463,100.0,House,119.0,0.8593067229843901,0.5078740157480315,0.7559055118110236,0.25064441139015536
S6MA00296,"MOULTON, SETH",MA,S,0.0,C,2991,500.0,-0.3518784368715714,0.2955576519596598,-0.0117104858958665,-0.0232621152416527,-0.7914328782294328,-0.3040694513836975,-0.0068438173720177,0.0074769385094208,-0.000603767570139,0.0002254170178839,4,M001196,-0.286,-0.301,100.0,House,119.0,0.3518784368715714,0.6929133858267716,0.5196850393700787,-0.04780841075285469
S6MI00426,"STEVENS, HALEY",MI,S,0.0,O,5437,25.0,-1.2410341020378195,1.1200586280658351,0.1105924281876239,0.4609482505699165,0.6745324496801569,0.0736942039645991,-0.0400812701089064,-0.0364559821781417,0.0050839985090281,-0.0066170174973944,2,S001215,-0.361,-0.327,100.0,House,119.0,1.2410341020378195,0.484251968503937,0.889763779527559,0.3924472343878055
S6MN00499,"CRAIG, ANGIE",MN,S,0.0,O,6358,40.0,-1.0321977432668237,0.9199566735194714,0.0373872074451759,0.2934663391231056,0.69867967198618,0.096071689984738,-0.0362478951000056,-0.0311574154685606,0.0050837768750935,-0.0063038326943296,2,C001119,-0.273,-0.278,100.0,House,119.0,1.0321977432668237,0.7244094488188977,0.8267716535433071,0.24868546304555406
S6NH00141,"PAPPAS, CHRIS",NH,S,0.0,O,9441,25.0,-0.0496597989649186,-0.013866634332087,-0.1093412421627978,-0.2567877465364586,0.0506805837679913,-0.0732120126431284,-0.0023225067275015,0.0106309621258762,-0.0007804582199952,-0.0001510911529882,0,P000614,-0.233,-0.212,100.0,House,119.0,0.0496597989649186,0.8543307086614174,0.2992125984251969,-0.32256864611868685
S6RI00163,"REED, JOHN F.",RI,S,0.0,I,1268,600.0,-1.1898958938519677,1.1317636244867475,0.3104234705818701,0.2470588949437655,-4.854272577867835,-1.6431692234751358,-0.0326216959065161,-0.0180218348500703,-0.0067536776384179,-0.0036147735201467,2,R000122,-0.36,-0.306,100.0,Senate,119.0,1.1898958938519677,0.49606299212598426,0.8740157480314961,0.3727269252511851
S6TX00552,"CROCKETT, JASMINE",TX,S,0.0,C,3861,25.0,0.536882696252246,-0.4997353884559224,-0.1431639007465358,-0.2713882600763617,0.7191938375704996,-0.0329344339137893,0.0257390001343379,0.0143584265814312,-0.0002059079487838,-0.007420757100627,0,C001130,-0.495,-0.482,100.0,House,119.0,-0.536882696252246,0.1141732283464567,0.047244094488188976,-0.32560775124743446
S6VA00093,"WARNER, MARK ROBERT",VA,S,0.0,I,7808,25.0,-0.1849067956022267,0.0881759149190334,-0.1431889855287905,-0.2852184404599516,-0.0122986818915419,-0.0608028954977724,-0.0086064748846718,0.0069715811299232,-0.000275035780413,-0.0002665513595151,0,W000805,-0.216,-0.251,100.0,Senate,119.0,0.1849067956022267,0.9133858267716536,0.33070866141732286,-0.3109339713293476
S8GA00180,"OSSOFF, T. JONATHAN",GA,S,0.0,I,67956,25.0,0.3250822754211374,-0.367626343629665,-0.1980871627344468,-0.4314008757552066,0.3414938013724185,-0.0445909559905709,0.0136687989846381,0.0220459380634323,-0.0012450551917863,-0.0015404872042739,0,O000174,-0.464,-0.522,100.0,Senate,119.0,-0.3250822754211374,0.1732283464566929,0.10236220472440945,-0.29035102921400074
S8OR00207,"MERKLEY, JEFFREY ALAN",OR,S,0.0,I,4600,15.0,0.1718801058596159,-0.271779599830397,-0.1191531972369303,-0.3124980657591553,0.1499518471728302,-0.0720489324876876,0.0078031739586762,0.0143002556946904,-0.002393936562034,0.0032120083423609,0,M001176,-0.453,-0.5,100.0,Senate,119.0,-0.1718801058596159,0.2125984251968504,0.1732283464566929,-0.23272581295024172
